ID,Year,Month,Germany,Argentina,Australia,Austria,Belgium,Belize,Brazil,Bulgaria,Belgium,Canadá,Chile,China,Colombia,Corea,Dinamarca,Slovakia,Spain,United States,Estonia,Finland,France,Netherlands,Hungary,Indonesia,Irlanda,Iran,Iceland,Israel,Italy,Japan,Lithuania,Mexico,Peru,Polonia,Portugal,Puerto Rico,United Kingdom,República Checa,Others,Romania,Rusia,Singapore,South Africa,Sweden,Switzerland,Taiwán,Ukraine,Uruguay,Venezuela,Total
200401,2004,1,14,0,9,0,0,0,0,0,0,0,0,0,0,0,0,0,546,13,0,0,9,4,0,0,0,0,0,0,12,5,0,0,0,0,0,0,4,0,21,0,0,0,0,0,6,0,0,0,0,643
200402,2004,2,32,0,0,0,0,0,15,0,0,0,0,0,0,0,0,0,1146,13,0,31,21,0,0,0,0,0,0,0,7,0,0,9,0,0,58,0,7,0,62,0,0,0,0,0,0,0,0,0,0,1401
200403,2004,3,114,0,0,16,0,0,0,0,0,18,0,0,0,0,0,0,2703,30,0,0,23,0,0,0,0,0,0,0,20,0,0,17,0,0,22,0,31,0,111,0,0,0,0,0,0,0,0,0,0,3105
200404,2004,4,458,0,0,107,109,0,0,0,0,0,0,0,0,0,0,0,12745,171,0,0,408,0,0,0,0,0,0,0,154,0,0,98,0,0,489,0,111,0,704,0,0,0,0,0,0,0,0,0,0,15554
200405,2004,5,1221,0,0,224,0,0,275,0,0,0,0,0,0,0,0,0,11210,284,0,0,1097,274,0,0,0,0,0,0,514,0,0,0,0,0,226,0,210,0,1325,0,0,0,0,0,0,0,0,0,0,16860
200406,2004,6,1157,0,0,222,0,0,255,0,0,0,0,0,0,0,0,0,13236,437,0,0,961,360,0,0,0,0,0,0,676,0,0,0,0,0,251,0,220,0,1520,0,0,0,0,0,0,0,0,0,0,19295
200407,2004,7,766,0,0,0,294,0,154,0,0,0,0,0,0,0,0,0,25724,434,0,0,991,223,0,0,0,0,0,0,955,0,0,0,0,0,401,0,188,0,1761,0,0,0,0,0,0,0,0,0,0,31891
200408,2004,8,892,0,0,145,189,0,0,0,0,0,0,0,0,0,0,0,36700,124,0,0,1075,127,0,0,0,0,0,0,4071,0,0,0,0,0,716,0,173,0,1389,0,0,0,0,0,0,0,0,0,0,45601
200409,2004,9,1200,0,0,195,0,0,191,0,0,0,0,0,0,0,0,0,16547,232,0,0,956,208,0,0,0,0,0,0,861,0,0,0,0,0,535,0,222,0,1605,0,0,0,0,0,0,0,0,0,0,22752
200410,2004,10,843,0,0,0,0,0,264,0,0,219,0,0,0,0,0,0,9833,215,0,0,789,0,0,0,0,0,0,0,335,0,0,237,0,0,419,0,216,0,1186,0,0,0,0,0,0,0,0,0,0,14556
200411,2004,11,95,33,0,0,0,0,59,0,0,58,0,0,0,0,0,0,3306,54,0,0,191,0,0,0,0,0,0,0,0,0,0,0,0,0,73,0,39,0,308,0,0,0,0,0,0,0,0,0,194,4410
200412,2004,12,24,20,0,0,14,0,25,0,0,0,0,0,0,0,0,0,3430,21,0,0,45,0,0,0,0,0,0,0,31,0,0,15,0,0,54,0,0,0,123,0,0,0,0,0,0,0,0,0,0,3802
200501,2005,1,6,0,4,5,0,0,12,0,0,0,0,0,0,0,0,0,165,18,0,0,14,3,0,0,0,0,0,0,16,0,0,0,0,0,4,0,0,0,22,0,0,0,0,0,0,0,0,0,0,269
200502,2005,2,26,0,0,0,0,0,6,0,0,0,0,0,0,0,0,0,392,4,0,0,18,5,0,0,0,0,0,0,8,13,0,0,0,0,65,0,4,0,24,0,0,0,0,0,0,0,0,0,0,565
200503,2005,3,193,0,0,0,42,0,0,0,0,0,0,0,0,0,0,0,2181,57,0,0,38,0,0,0,44,0,0,0,89,0,0,33,0,0,201,0,42,0,201,0,0,0,0,0,0,0,0,0,0,3121
200504,2005,4,299,0,0,83,0,0,0,0,0,85,0,0,0,0,0,0,1575,68,0,0,239,0,0,0,0,0,0,0,158,0,0,0,0,0,172,0,102,0,455,0,0,0,0,0,71,0,0,0,0,3307
200505,2005,5,1475,0,0,269,0,0,207,0,0,0,0,0,0,0,0,0,3458,307,0,0,924,367,0,0,0,0,0,0,553,0,0,0,0,0,276,0,228,0,1246,0,0,0,0,0,0,0,0,0,0,9310
200506,2005,6,1461,0,0,385,0,0,0,0,0,269,0,0,0,0,0,0,5022,436,0,0,1193,488,0,0,0,0,0,0,1150,0,0,0,0,0,274,0,274,0,1667,0,0,0,0,0,0,0,0,0,0,12619
200507,2005,7,720,0,0,0,266,0,0,0,0,0,0,0,0,0,219,0,12867,474,0,0,880,191,0,0,0,0,0,0,1108,0,0,0,0,0,317,0,185,0,1577,0,0,0,0,0,0,0,0,0,0,18804
200508,2005,8,908,0,0,187,260,0,0,0,0,0,0,0,0,0,0,0,17036,167,0,0,887,184,0,0,0,0,0,0,3115,0,0,0,0,0,560,0,191,0,1336,0,0,0,0,0,0,0,0,0,0,24831
200509,2005,9,1207,0,0,0,0,0,174,0,0,192,0,0,0,0,0,0,6469,242,0,0,822,187,0,0,0,0,0,0,863,0,0,0,0,0,361,0,257,0,1394,0,0,0,0,0,0,0,0,0,0,12168
200510,2005,10,727,0,0,164,0,0,206,0,0,369,0,0,0,0,0,0,2666,224,0,0,740,0,0,0,0,0,0,0,276,0,0,0,0,0,299,0,179,0,1023,0,0,0,0,0,0,0,0,0,0,6873
200511,2005,11,110,0,37,0,0,0,41,0,0,51,0,0,0,0,0,0,655,41,0,0,122,0,0,0,0,0,0,0,73,0,0,0,0,0,0,0,40,0,190,0,0,0,0,0,28,0,0,0,0,1388
200512,2005,12,23,0,0,0,15,0,11,0,0,14,0,0,0,0,0,0,442,0,0,0,33,0,0,0,0,0,0,0,21,11,0,0,0,0,28,0,10,0,60,0,0,0,0,0,0,0,0,0,0,668
200601,2006,1,18,6,0,7,5,0,10,0,0,0,0,0,0,0,0,0,194,0,0,0,16,0,0,0,0,0,0,0,19,6,0,0,0,0,0,0,9,0,34,0,0,0,0,0,0,0,0,0,0,324
200602,2006,2,23,0,0,5,0,0,4,0,0,0,0,0,0,0,0,0,244,7,0,0,6,0,0,0,0,0,0,0,9,0,0,0,0,5,12,0,8,0,28,0,0,0,0,0,0,0,0,0,0,351
200603,2006,3,110,0,0,0,0,0,0,0,0,27,0,0,0,0,0,0,558,16,0,0,40,0,0,0,12,0,0,0,31,0,0,23,0,0,118,0,49,0,112,0,0,0,0,0,0,0,0,0,0,1096
200604,2006,4,449,0,0,0,0,0,70,0,0,0,0,0,0,0,0,0,4550,102,0,78,349,0,0,0,98,0,0,0,244,0,0,0,0,0,750,0,133,0,628,0,0,0,0,0,0,0,0,0,0,7451
200605,2006,5,1430,0,0,331,0,0,0,0,0,300,0,0,0,0,0,0,3489,236,0,0,1096,318,0,0,0,0,0,0,729,0,0,0,0,0,292,0,282,0,1644,0,0,0,0,0,0,0,0,0,0,10147
200606,2006,6,1455,0,0,289,0,0,0,0,0,278,0,0,0,0,0,0,5001,393,0,0,1264,488,0,0,0,0,0,0,1226,0,0,0,0,0,381,0,270,0,1966,0,0,0,0,0,0,0,0,0,0,13011
200607,2006,7,830,0,0,0,248,0,0,0,0,0,0,0,0,0,211,0,12166,437,0,0,1021,211,0,0,0,0,0,0,1287,0,0,0,0,0,454,0,155,0,1700,0,0,0,0,0,0,0,0,0,0,18720
200608,2006,8,1079,0,0,213,213,0,0,0,0,0,0,0,0,0,0,0,15774,0,0,0,1019,218,208,0,0,0,0,0,5054,0,0,0,0,0,606,0,201,0,1598,0,0,0,0,0,0,0,0,0,0,26183
200609,2006,9,1617,0,0,202,271,0,0,0,0,0,0,0,0,0,0,0,6373,236,0,0,1047,218,0,0,0,0,0,0,1017,0,0,0,0,0,469,0,255,0,1765,0,0,0,0,0,0,0,0,0,0,13470
200610,2006,10,963,0,0,0,194,0,173,0,0,371,0,0,0,0,0,0,2878,261,0,0,760,0,0,0,0,0,0,0,346,0,0,0,0,0,242,0,156,0,1356,0,0,0,0,0,0,0,0,0,0,7700
200611,2006,11,144,0,55,0,0,0,58,0,0,60,0,0,0,0,0,0,849,50,0,0,153,0,0,0,0,0,0,0,91,0,0,0,0,0,24,0,0,0,243,0,0,0,0,0,28,0,0,0,0,1755
200612,2006,12,39,10,0,0,0,0,0,0,0,13,0,0,0,0,0,0,540,14,0,0,53,0,0,0,0,0,0,0,21,0,0,10,0,0,30,0,13,0,105,0,0,0,0,0,0,0,0,0,0,848
200701,2007,1,33,12,0,0,0,0,8,0,0,0,0,0,0,6,0,0,182,26,0,0,11,0,0,0,0,0,0,0,18,6,0,0,0,0,9,0,0,0,39,0,0,0,0,0,0,0,0,0,0,350
200702,2007,2,32,0,0,0,0,0,0,0,0,9,0,0,0,0,0,0,316,12,0,0,9,0,0,0,19,0,0,0,15,0,0,12,0,0,167,0,0,8,66,0,0,0,0,0,0,0,0,0,0,665
200703,2007,3,223,0,0,0,0,0,22,0,0,0,0,0,0,0,0,0,1005,50,0,0,29,0,0,0,32,0,0,0,47,0,0,0,0,0,59,0,24,0,168,0,0,0,0,0,21,0,0,0,0,1680
200704,2007,4,992,0,0,107,0,0,0,0,0,115,0,0,0,0,0,0,4079,161,0,0,571,0,0,0,101,0,0,0,322,0,0,0,0,0,617,0,178,0,872,0,0,0,0,0,0,0,0,0,0,8115
200705,2007,5,2671,0,0,353,0,0,0,0,0,304,0,0,0,0,0,0,4299,308,0,0,1250,334,0,0,0,0,0,0,799,0,0,0,0,0,323,0,297,0,1986,0,0,0,0,0,0,0,0,0,0,12924
200706,2007,6,2733,0,0,315,0,0,0,0,0,348,0,0,0,0,0,0,5369,468,0,0,1193,452,0,0,0,0,0,0,1379,0,0,0,0,0,449,0,300,0,2176,0,0,0,0,0,0,0,0,0,0,15182
200707,2007,7,1480,0,0,0,305,0,0,0,0,0,0,0,0,0,0,0,12176,438,0,0,872,197,0,0,0,0,0,0,1498,0,0,0,0,277,438,0,0,228,2247,0,0,0,0,0,0,0,0,0,0,20156
200708,2007,8,1598,0,0,224,199,0,0,0,0,0,0,0,0,0,0,0,16330,205,0,0,948,211,0,0,0,0,0,0,4615,0,0,0,0,232,854,0,0,0,1873,0,0,0,0,0,0,0,0,0,0,27289
200709,2007,9,2300,0,0,251,0,0,0,0,0,310,0,0,0,0,0,0,6806,251,0,0,1088,232,0,0,0,0,0,0,1065,0,0,0,0,0,514,0,229,0,2236,0,0,0,0,0,0,0,0,0,0,15282
200710,2007,10,1566,0,0,0,0,0,207,0,0,382,0,0,0,0,0,0,3333,203,0,0,841,0,0,0,0,0,0,0,435,0,0,0,0,0,319,0,239,0,1671,0,0,0,0,0,247,0,0,0,0,9443
200711,2007,11,185,0,58,36,0,0,65,0,0,81,0,0,0,0,0,0,1131,99,0,0,159,0,0,0,0,0,0,0,91,0,0,0,0,0,236,0,0,0,355,0,0,0,0,0,0,0,0,0,0,2496
200712,2007,12,62,0,0,0,0,0,14,0,0,14,0,0,0,0,0,0,478,12,0,0,41,0,0,0,0,0,0,0,25,0,0,0,0,0,27,0,10,0,96,0,0,0,0,0,16,0,0,0,0,795
200801,2008,1,34,0,0,7,0,0,13,0,0,0,0,0,0,11,0,0,159,8,0,0,6,6,0,0,0,0,0,0,15,0,0,0,0,0,8,0,0,0,39,0,0,0,0,0,0,0,0,0,0,306
200802,2008,2,40,0,0,11,10,0,14,0,0,0,0,0,0,9,0,0,345,0,0,0,37,0,0,0,0,0,0,0,20,0,0,0,0,0,137,0,8,0,72,0,0,0,0,0,0,0,0,0,0,703
200803,2008,3,426,0,0,66,0,0,48,0,0,0,0,0,0,0,0,0,3635,125,0,0,40,0,0,0,61,0,0,0,61,0,0,0,0,0,485,0,38,0,342,0,0,0,0,0,0,0,0,0,0,5327
200804,2008,4,985,0,0,188,0,0,0,0,0,0,0,0,0,0,0,0,2055,93,0,0,414,101,0,0,113,0,0,0,246,0,0,0,0,0,434,0,139,0,880,0,0,0,0,0,0,0,0,0,0,5648
200805,2008,5,3656,0,0,406,0,0,0,0,0,384,0,0,0,0,0,0,4835,345,0,0,1170,455,0,0,0,0,0,0,1019,0,0,0,0,0,765,0,301,0,2665,0,0,0,0,0,0,0,0,0,0,16001
200806,2008,6,2889,0,0,326,0,0,252,0,0,340,0,0,0,0,0,0,5626,445,0,0,1181,424,0,0,0,0,0,0,1465,0,0,0,0,0,456,0,0,0,2500,0,0,0,0,0,0,0,0,0,0,15904
200807,2008,7,1755,0,0,0,0,0,0,0,0,0,0,0,0,0,0,0,12814,416,0,0,846,222,0,0,205,0,0,0,1470,0,0,259,0,216,398,0,0,0,2465,0,0,0,0,0,0,0,0,0,0,21066
200808,2008,8,1593,0,0,0,198,0,0,0,0,0,0,0,0,0,0,0,18595,0,0,0,889,214,191,0,0,0,0,0,4853,0,0,0,0,341,905,0,195,0,2022,0,0,0,0,0,0,0,0,0,0,29996
200809,2008,9,2540,0,0,270,0,0,0,0,0,296,0,0,0,0,0,0,8117,0,0,0,994,0,0,0,318,0,0,0,1083,0,0,0,0,257,484,0,270,0,2749,0,0,0,0,0,0,0,0,0,0,17378
200810,2008,10,1624,0,219,189,0,0,185,0,0,372,0,0,0,0,0,0,3465,286,0,0,847,0,0,0,0,0,0,0,431,0,0,0,0,0,0,0,0,0,2028,0,0,0,0,0,232,0,0,0,0,9878
200811,2008,11,189,0,62,0,0,0,0,0,0,91,0,0,0,65,0,0,1044,78,0,0,178,0,0,0,0,0,0,0,80,0,0,0,0,0,71,0,0,0,394,0,0,0,0,0,57,0,0,0,0,2309
200812,2008,12,52,0,0,0,0,0,0,0,0,13,0,0,0,12,0,0,736,16,0,0,46,11,0,0,0,0,0,0,27,0,0,0,0,0,66,0,0,0,95,0,0,0,0,0,11,0,0,0,0,1085
200901,2009,1,36,0,0,0,0,0,22,0,0,0,0,0,0,51,0,0,275,9,0,0,16,6,0,0,0,0,0,0,39,6,0,0,0,0,18,0,0,0,45,0,0,0,0,0,0,0,0,0,0,523
200902,2009,2,49,0,0,10,9,0,0,0,0,9,0,0,0,10,0,0,312,0,0,0,28,0,0,0,0,0,0,0,25,10,0,0,0,0,174,0,0,0,62,0,0,0,0,0,0,0,0,0,0,698
200903,2009,3,238,0,0,29,0,0,0,0,0,0,0,0,0,0,0,0,1133,47,0,0,44,0,0,0,36,0,0,0,72,0,0,0,0,0,43,0,24,0,164,0,0,0,0,0,20,0,0,0,0,1850
200904,2009,4,1015,0,0,171,0,0,0,0,0,0,0,0,0,0,0,0,6095,190,0,127,389,0,0,0,160,0,0,0,299,0,0,0,0,0,534,0,162,0,1174,0,0,0,0,0,0,0,0,0,0,10316
200905,2009,5,2946,0,0,400,0,0,0,0,0,360,0,0,0,0,0,0,5761,357,0,0,1355,403,0,0,290,0,0,0,1002,0,0,0,0,0,867,0,0,0,2757,0,0,0,0,0,0,0,0,0,0,16498
200906,2009,6,2798,0,0,354,0,0,0,0,0,373,0,0,0,0,0,0,8273,492,0,0,1359,440,0,0,306,0,0,0,1251,0,0,0,0,0,843,0,0,0,2865,0,0,0,0,0,0,0,0,0,0,19354
200907,2009,7,1681,0,0,0,0,0,0,0,0,0,0,0,0,0,0,0,17614,486,0,0,1009,280,0,0,350,0,0,0,1335,0,0,0,0,360,496,0,290,0,2851,0,0,0,0,0,0,0,0,0,0,26752
200908,2009,8,1750,0,0,252,0,0,0,0,0,0,0,0,0,0,0,0,23575,254,0,0,972,261,0,0,0,0,0,0,4728,0,0,0,0,372,844,0,218,0,2320,0,0,0,0,0,0,0,0,0,0,35546
200909,2009,9,2554,0,0,321,332,0,0,0,0,386,0,0,0,0,0,0,10466,319,0,0,1224,0,0,0,0,0,0,0,1106,0,0,0,0,0,535,0,285,0,3095,0,0,0,0,0,0,0,0,0,0,20623
200910,2009,10,1572,0,222,0,0,0,221,0,0,446,0,0,0,0,0,0,4681,287,0,0,926,0,0,0,0,0,0,0,449,0,0,0,0,0,439,0,224,0,2264,0,0,0,0,0,0,0,0,0,0,11731
200911,2009,11,198,0,47,0,0,0,45,0,0,84,0,0,0,85,0,0,1068,89,0,0,159,0,0,0,0,0,0,0,104,0,0,0,0,0,42,0,0,0,432,0,0,0,0,0,0,0,0,0,0,2353
200912,2009,12,41,0,17,0,0,0,24,0,0,15,0,0,0,47,0,0,597,19,0,0,35,0,0,0,0,0,0,0,38,0,0,0,0,0,65,0,0,0,112,0,0,0,0,0,0,0,0,0,0,1010
201001,2010,1,65,0,0,0,0,0,11,0,0,0,0,0,0,60,0,0,815,14,0,0,16,14,0,0,0,0,0,0,44,0,0,10,0,0,44,0,0,0,95,0,0,0,0,0,0,0,0,0,0,1188
201002,2010,2,66,13,0,0,0,0,21,0,0,0,0,0,0,28,0,0,1070,18,0,0,20,0,0,0,0,0,0,0,45,0,0,22,0,0,222,0,0,0,115,0,0,0,0,0,0,0,0,0,0,1640
201003,2010,3,327,0,0,0,0,0,0,0,0,0,0,0,0,30,0,0,4635,66,0,0,63,0,0,0,93,0,0,0,64,40,0,0,0,0,168,0,45,0,352,0,0,0,0,0,0,0,0,0,0,5883
201004,2010,4,1081,0,0,151,0,0,136,0,0,0,0,0,0,0,0,0,14496,186,0,0,566,0,0,0,165,0,0,0,324,0,0,0,0,0,876,0,168,0,1438,0,0,0,0,0,0,0,0,0,0,19587
201005,2010,5,2600,0,0,426,0,0,342,0,0,0,0,0,0,0,0,0,17304,408,0,0,1399,448,0,0,443,0,0,0,1170,0,0,0,0,0,850,0,0,0,3456,0,0,0,0,0,0,0,0,0,0,28846
201006,2010,6,2439,0,0,0,0,0,339,0,0,310,0,0,0,0,0,0,20663,664,0,0,1311,460,0,0,380,0,0,0,1842,0,0,0,0,0,1665,0,0,0,3683,0,0,0,0,0,0,0,0,0,0,33756
201007,2010,7,1630,0,0,0,0,0,279,0,0,0,0,0,0,0,0,0,30755,664,0,0,1232,288,0,0,275,0,0,0,1986,0,0,0,0,637,850,0,0,0,3870,0,0,0,0,0,0,0,0,0,0,42466
201008,2010,8,1700,0,0,0,230,0,0,0,0,0,0,0,0,0,0,0,46088,273,0,0,1617,0,0,0,279,0,0,0,5953,0,0,0,0,441,1256,0,255,0,3442,0,0,0,0,0,0,0,0,0,0,61534
201009,2010,9,2574,0,0,0,0,0,367,0,0,0,0,0,0,0,0,0,23841,399,0,0,1444,0,0,0,494,0,0,0,1811,0,0,0,0,431,894,0,369,0,4224,0,0,0,0,0,0,0,0,0,0,36848
201010,2010,10,1663,0,218,0,0,0,318,0,0,382,0,0,0,0,0,0,17497,461,0,0,1111,0,0,0,0,0,0,0,787,0,0,0,0,0,660,0,248,0,3253,0,0,0,0,0,0,0,0,0,0,26598
201011,2010,11,250,0,0,0,64,0,86,0,0,64,0,0,0,128,0,0,5975,112,0,0,303,0,0,0,0,0,0,0,162,0,0,0,0,0,141,0,0,0,790,0,0,0,0,0,0,0,0,0,0,8075
201012,2010,12,74,0,0,0,27,0,38,0,0,0,0,0,0,44,0,0,5218,45,0,0,55,0,0,0,0,0,0,0,46,34,0,0,0,0,146,0,0,0,240,0,0,0,0,0,0,0,0,0,0,5967
201101,2011,1,26,0,0,0,8,0,10,0,0,0,0,0,0,65,0,0,374,13,0,0,10,0,0,0,0,0,0,0,34,0,0,8,0,0,32,0,0,0,64,0,0,0,0,0,0,0,0,0,0,644
201102,2011,2,48,0,0,9,0,0,16,0,0,0,0,0,0,50,0,0,514,17,0,0,17,0,0,0,0,0,0,0,22,13,0,0,0,0,41,0,0,0,73,0,0,0,0,0,0,0,0,0,0,820
201103,2011,3,250,0,0,0,0,0,0,0,0,0,0,0,0,38,0,0,1510,82,0,0,47,0,0,0,88,0,0,0,80,34,0,0,0,0,601,0,34,0,259,0,0,0,0,0,0,0,0,0,0,3023
201104,2011,4,1379,0,0,130,0,0,0,0,0,0,0,0,0,0,161,0,8291,243,0,0,403,0,0,0,132,0,0,0,329,0,0,0,0,0,1148,0,197,0,1741,0,0,0,0,0,0,0,0,0,0,14154
201105,2011,5,3059,0,0,450,0,0,0,0,0,373,0,0,0,0,0,0,7706,484,0,0,1375,460,0,0,411,0,0,0,1203,0,0,0,0,0,758,0,0,0,3526,0,0,0,0,0,0,0,0,0,0,19805
201106,2011,6,3225,0,0,454,0,0,0,0,0,407,0,0,0,0,0,0,10236,703,0,0,1510,560,0,0,409,0,0,0,1904,0,0,0,0,0,1948,0,0,0,3883,0,0,0,0,0,0,0,0,0,0,25239
201107,2011,7,1643,0,0,0,0,0,0,0,0,0,0,0,0,0,0,0,20268,694,0,0,1033,312,0,0,365,0,0,0,1713,0,0,0,0,429,676,0,303,0,3406,0,0,0,0,0,0,0,0,0,0,30842
201108,2011,8,1902,0,0,0,0,0,0,0,0,0,0,0,0,0,0,0,26617,509,0,0,1139,0,0,0,363,0,0,0,4543,0,0,340,0,430,1502,0,326,0,3818,0,0,0,0,0,0,0,0,0,0,41489
201109,2011,9,3081,0,0,0,0,0,0,0,0,426,0,0,0,0,0,0,12568,0,0,0,1415,375,0,0,647,0,0,0,1522,0,0,0,0,373,985,0,503,0,4128,0,0,0,0,0,0,0,0,0,0,26023
201110,2011,10,1668,0,307,0,0,0,350,0,0,509,0,0,0,0,0,0,6922,480,0,0,1013,0,0,0,0,0,0,0,667,0,0,0,0,0,774,0,332,0,3221,0,0,0,0,0,0,0,0,0,0,16243
201111,2011,11,251,0,0,0,84,0,69,0,0,83,0,0,0,146,0,0,1836,103,0,0,154,0,0,0,0,0,0,0,127,0,0,0,0,0,108,0,0,0,630,0,0,0,0,0,0,0,0,0,0,3591
201112,2011,12,63,0,0,0,0,0,0,0,0,0,0,0,0,43,0,0,982,32,0,0,50,0,0,0,0,0,0,0,40,20,0,0,0,0,78,0,20,0,151,0,0,0,0,0,19,0,0,0,0,1498
201201,2012,1,33,0,0,0,0,0,19,0,0,11,0,0,0,103,0,0,483,36,0,0,10,0,0,0,0,0,0,0,49,0,0,11,0,0,19,0,0,0,98,0,0,0,0,0,0,0,0,0,0,872
201202,2012,2,62,0,0,0,0,0,26,0,0,0,0,0,0,55,0,0,587,19,0,0,19,0,0,0,0,0,0,0,23,15,0,0,0,0,322,0,34,0,143,0,0,0,0,0,0,0,0,0,0,1305
201203,2012,3,327,0,0,0,0,0,0,0,0,0,0,0,0,49,0,0,1732,112,0,0,90,0,0,0,93,0,0,0,111,42,0,0,0,0,229,0,58,0,417,0,0,0,0,0,0,0,0,0,0,3260
201204,2012,4,1325,0,0,0,0,0,0,0,0,173,0,0,0,0,0,0,7331,385,0,0,593,165,0,0,276,0,0,0,512,0,0,0,0,0,1591,0,277,0,2121,0,0,0,0,0,0,0,0,0,0,14749
201205,2012,5,2901,0,0,0,0,0,0,0,0,460,0,0,0,0,0,0,7188,937,0,0,1383,644,0,0,841,0,0,0,1251,0,0,0,0,0,1101,0,532,0,4538,0,0,0,0,0,0,0,0,0,0,21776
201206,2012,6,2741,0,0,0,0,0,0,0,0,460,0,0,0,0,0,0,10551,1235,0,0,1397,640,0,0,531,0,0,0,1658,0,0,0,0,0,1445,0,603,0,4256,0,0,0,0,0,0,0,0,0,0,25517
201207,2012,7,1512,0,0,0,0,0,0,0,0,0,0,0,0,0,0,0,20157,1254,0,0,975,389,0,0,542,0,0,0,1776,0,0,0,0,508,1278,0,439,0,3988,0,0,0,0,0,0,0,0,0,0,32818
201208,2012,8,1735,0,0,0,0,0,0,0,0,0,0,0,0,0,0,0,25570,562,0,0,1042,387,0,0,465,0,0,0,4688,0,0,0,0,562,1833,0,423,0,3829,0,0,0,0,0,0,0,0,0,0,41096
201209,2012,9,2698,0,0,0,0,0,0,0,0,455,0,0,0,0,0,0,12239,1008,0,0,1418,0,0,0,782,0,0,0,1389,0,0,0,0,430,1265,0,797,0,4840,0,0,0,0,0,0,0,0,0,0,27321
201210,2012,10,1986,0,416,0,0,0,0,0,0,641,0,0,0,328,0,0,6735,1254,0,0,931,0,0,0,0,0,0,0,695,0,0,0,0,0,919,0,476,0,3710,0,0,0,0,0,0,0,0,0,0,18091
201211,2012,11,242,0,82,0,0,0,0,0,0,118,0,0,0,206,0,0,1854,241,0,0,198,0,0,0,0,0,0,0,184,0,0,0,0,0,241,0,90,0,714,0,0,0,0,0,0,0,0,0,0,4170
201212,2012,12,53,0,22,0,0,0,0,0,0,23,0,0,0,82,0,0,835,25,0,0,64,25,0,0,0,0,0,0,67,0,0,0,0,0,85,0,0,0,202,0,0,0,0,0,0,0,0,0,0,1483
201301,2013,1,35,0,16,0,0,0,19,0,0,0,0,0,0,118,0,0,390,30,0,0,14,0,0,0,0,0,0,0,31,14,0,0,0,0,47,0,0,0,92,0,0,0,0,0,0,0,0,0,0,806
201302,2013,2,55,0,0,0,0,0,0,0,0,0,0,0,0,94,0,0,604,34,0,0,24,0,0,0,76,0,0,0,26,12,0,12,0,0,284,0,0,0,161,0,0,0,0,0,0,0,0,0,0,1382
201303,2013,3,455,0,0,0,0,0,66,0,0,0,0,0,0,71,0,0,4439,237,0,0,73,0,0,0,72,0,0,0,139,0,0,0,0,0,808,0,114,0,754,0,0,0,0,0,0,0,0,0,0,7228
201304,2013,4,1200,0,171,0,0,0,0,0,0,184,0,0,0,0,0,0,4478,549,0,0,398,0,0,0,511,0,0,0,487,0,0,0,0,0,1281,0,315,0,1958,0,0,0,0,0,0,0,0,0,0,11532
201305,2013,5,3475,0,0,0,0,0,0,0,0,555,0,0,0,0,0,0,7961,1509,0,0,1641,606,0,0,879,0,0,0,1579,0,0,0,0,0,1068,0,643,0,5289,0,0,0,0,0,0,0,0,0,0,25205
201306,2013,6,2728,0,0,0,0,0,0,0,0,526,0,0,0,0,0,0,11383,2166,0,0,1522,723,0,0,681,0,0,0,2184,0,0,0,0,0,1867,0,617,0,4977,0,0,0,0,0,0,0,0,0,0,29374
201307,2013,7,1582,0,0,0,0,0,0,0,0,0,0,0,0,0,0,0,22472,1645,0,0,953,393,0,0,656,0,0,0,2315,0,0,0,0,524,1176,0,531,0,4312,0,0,0,0,0,0,0,0,0,0,36559
201308,2013,8,1854,0,0,0,0,0,0,0,0,0,0,0,0,385,0,0,29793,616,0,0,1070,0,0,0,491,0,0,0,5717,0,0,0,0,572,2083,0,460,0,3685,0,0,0,0,0,0,0,0,0,0,46726
201309,2013,9,2614,0,566,0,0,0,0,0,0,563,0,0,0,0,0,0,14547,1378,0,0,1225,0,0,0,1038,0,0,0,1846,0,0,0,0,0,1269,0,738,0,5110,0,0,0,0,0,0,0,0,0,0,30894
201310,2013,10,1887,0,691,0,0,0,0,0,0,851,0,0,0,0,0,0,6584,1646,0,0,1117,0,0,0,545,0,0,0,1032,0,0,0,0,0,598,0,632,0,4024,0,0,0,0,0,0,0,0,0,0,19607
201311,2013,11,254,0,135,0,0,0,0,0,0,124,0,0,0,317,0,0,2291,276,0,0,213,0,0,0,0,0,0,0,192,0,0,0,0,0,118,0,120,0,867,0,0,0,0,0,0,0,0,0,0,4907
201312,2013,12,63,0,21,0,0,0,0,0,0,28,0,0,0,100,0,0,951,38,0,0,56,22,0,0,0,0,0,0,73,0,0,0,0,0,98,0,0,0,209,0,0,0,0,0,0,0,0,0,0,1659
201401,2014,1,22,0,0,0,0,0,22,0,0,0,0,13,0,120,0,0,416,29,0,0,18,0,0,0,0,0,0,0,69,0,0,18,0,0,49,0,0,0,130,0,0,0,0,0,0,0,0,0,0,906
201402,2014,2,42,0,18,0,0,0,0,0,0,0,0,0,0,100,0,0,495,22,0,0,22,0,0,0,76,0,0,0,34,24,0,0,0,0,27,0,0,0,110,0,0,0,0,0,0,0,0,0,0,970
201403,2014,3,402,0,0,0,0,0,54,0,0,0,0,0,0,63,0,0,1529,149,0,0,57,0,0,0,0,0,0,0,95,42,0,0,0,0,273,0,59,0,427,0,0,0,0,0,0,0,0,0,0,3150
201404,2014,4,1257,0,242,0,0,0,0,0,0,0,0,0,0,270,0,0,8247,588,0,0,528,0,0,0,686,0,0,0,973,0,0,0,0,0,1834,0,334,0,2388,0,0,0,0,0,0,0,0,0,0,17347
201405,2014,5,2951,0,638,0,0,0,0,0,0,0,0,0,0,0,0,0,8736,1728,0,0,1739,750,0,0,948,0,0,0,1898,0,0,0,0,0,1694,0,764,0,5508,0,0,0,0,0,0,0,0,0,0,27354
201406,2014,6,3074,0,695,0,0,0,0,0,0,0,0,0,0,0,0,0,12661,2412,0,0,1673,801,0,0,671,0,0,0,2843,0,0,0,0,0,1794,0,682,0,5715,0,0,0,0,0,0,0,0,0,0,33021
201407,2014,7,1411,0,0,0,0,0,0,0,0,0,0,0,0,482,0,0,23811,1877,0,0,1180,0,0,0,509,0,0,0,2686,0,0,0,0,698,1274,0,582,0,5071,0,0,0,0,0,0,0,0,0,0,39581
201408,2014,8,1970,0,0,0,0,0,0,0,0,0,0,0,0,455,0,0,31294,798,0,0,1137,0,0,0,407,0,0,0,7733,0,0,0,0,728,2212,0,458,0,4026,0,0,0,0,0,0,0,0,0,0,51218
201409,2014,9,3024,0,670,0,0,0,762,0,0,0,0,0,0,0,0,0,14744,1647,0,0,1445,0,0,0,1045,0,0,0,2442,0,0,0,0,0,1484,0,785,0,6409,0,0,0,0,0,0,0,0,0,0,34457
201410,2014,10,1787,0,783,0,0,0,0,0,0,816,0,0,0,627,0,0,8809,1947,0,0,1239,0,0,0,607,0,0,0,1140,0,0,0,0,0,678,0,0,0,4772,0,0,0,0,0,0,0,0,0,0,23205
201411,2014,11,325,0,146,0,0,0,0,0,0,163,0,0,0,320,0,0,1922,316,0,0,237,0,0,0,0,0,0,0,219,0,0,0,0,0,192,0,103,0,860,0,0,0,0,0,0,0,0,0,0,4803
201412,2014,12,78,0,0,0,0,0,28,0,0,0,0,0,0,116,0,0,961,64,0,0,69,0,0,0,0,0,0,0,109,0,0,0,0,21,145,0,30,0,249,0,0,0,0,0,0,0,0,0,0,1870
201501,2015,1,52,12,0,0,0,0,29,0,0,0,0,0,0,202,0,0,493,65,0,0,20,0,0,0,0,0,0,0,80,0,0,0,0,0,69,0,0,21,174,0,0,0,0,0,0,0,0,0,0,1217
201502,2015,2,54,0,0,0,0,0,26,0,0,0,0,21,0,146,0,0,667,43,0,0,0,19,0,0,80,0,0,0,49,0,0,0,0,0,233,0,0,0,206,0,0,0,0,0,0,0,0,0,0,1544
201503,2015,3,437,0,0,0,0,0,0,0,0,0,0,0,0,110,0,0,2891,183,0,0,54,0,0,0,59,0,0,0,151,60,0,0,0,0,449,0,80,0,606,0,0,0,0,0,0,0,0,0,0,5080
201504,2015,4,1508,0,257,0,0,0,0,0,0,0,0,0,0,342,0,0,8727,684,0,0,538,0,0,0,532,0,0,0,663,0,0,0,0,0,1237,0,468,0,2765,0,0,0,0,0,0,0,0,0,0,17721
201505,2015,5,3674,0,0,0,0,0,814,0,0,0,0,0,0,0,0,0,9039,2034,0,0,1663,779,0,0,1056,0,0,0,2250,0,0,0,0,0,2292,0,956,0,6519,0,0,0,0,0,0,0,0,0,0,31076
201506,2015,6,2900,0,0,0,0,0,720,0,0,0,0,0,0,0,0,0,13709,2998,0,0,1783,771,0,0,860,0,0,0,3226,0,0,0,0,0,1677,0,802,0,6477,0,0,0,0,0,0,0,0,0,0,35923
201507,2015,7,1705,0,0,0,0,0,0,0,0,0,0,0,0,487,0,0,27071,2069,0,0,1194,0,0,0,527,0,0,0,3193,0,0,0,0,818,1540,0,611,0,5579,0,0,0,0,0,0,0,0,0,0,44794
201508,2015,8,2236,0,0,0,0,0,0,0,0,0,0,0,0,438,0,0,33222,774,0,0,1582,0,0,0,473,0,0,0,7964,0,0,0,0,763,2235,0,599,0,4508,0,0,0,0,0,0,0,0,0,0,54794
201509,2015,9,3220,0,0,0,0,0,0,0,0,777,0,0,0,0,0,0,15365,1947,0,0,1497,0,0,0,1052,0,0,0,2820,0,0,0,0,873,1671,0,990,0,7217,0,0,0,0,0,0,0,0,0,0,37429
201510,2015,10,2681,0,755,0,0,0,0,0,0,1009,0,0,0,0,0,0,8030,2454,0,0,1262,0,0,0,673,0,0,0,1363,0,0,0,0,0,789,0,744,0,5816,0,0,0,0,0,0,0,0,0,0,25576
201511,2015,11,318,0,149,0,0,0,116,0,0,157,0,0,0,315,0,0,2070,358,0,0,231,0,0,0,0,0,0,0,279,0,0,0,0,0,184,0,0,0,1051,0,0,0,0,0,0,0,0,0,0,5228
201512,2015,12,83,0,0,0,0,0,41,0,0,0,0,0,0,117,0,0,1096,60,0,0,73,0,0,0,0,0,0,0,111,37,0,0,0,0,105,0,28,0,311,0,0,0,0,0,0,0,0,0,0,2062
201601,2016,1,61,18,0,0,0,0,44,0,0,0,0,19,0,170,0,0,579,50,0,0,0,0,0,0,0,0,0,0,86,0,0,0,0,19,69,0,0,0,189,0,0,0,0,0,0,0,0,0,0,1304
201602,2016,2,84,0,0,0,0,0,33,0,0,0,0,0,0,249,0,0,689,42,0,0,32,0,0,0,36,0,0,0,86,34,0,0,0,0,259,0,0,0,189,0,0,0,0,0,0,0,0,0,0,1733
201603,2016,3,819,0,0,0,0,0,111,0,0,0,0,0,0,114,0,0,6834,284,0,0,0,0,0,0,330,0,0,0,247,0,0,120,0,0,885,0,163,0,1160,0,0,0,0,0,0,0,0,0,0,11067
201604,2016,4,1560,0,0,0,0,0,252,0,0,0,0,0,0,432,0,0,5134,679,0,0,666,0,0,0,651,0,0,0,950,0,0,0,0,0,1510,0,561,0,2705,0,0,0,0,0,0,0,0,0,0,15100
201605,2016,5,4042,0,875,0,0,0,844,0,0,0,0,0,0,0,0,0,9384,2375,0,0,1486,0,0,0,1250,0,0,0,2411,0,0,0,0,0,1506,0,1016,0,7587,0,0,0,0,0,0,0,0,0,0,32776
201606,2016,6,3310,0,797,0,0,0,780,0,0,0,0,0,0,0,0,0,14187,3193,0,0,1745,0,0,0,959,0,0,0,3751,0,0,0,0,0,2158,0,960,0,7230,0,0,0,0,0,0,0,0,0,0,39070
201607,2016,7,2033,0,0,0,0,0,0,0,0,0,0,0,0,0,0,0,26710,2322,0,0,1124,0,0,0,602,0,0,0,3307,0,0,596,0,564,1564,0,678,0,5971,0,0,0,0,0,0,0,0,0,0,45471
201608,2016,8,2376,0,0,0,0,0,0,0,0,0,0,0,0,412,0,0,32249,865,0,0,1183,0,0,0,557,0,0,0,7507,0,0,0,0,711,2236,0,577,0,5031,0,0,0,0,0,0,0,0,0,0,53704
201609,2016,9,3671,0,0,0,0,0,0,0,0,865,0,0,0,0,0,0,15825,2365,0,0,1196,0,0,0,1309,0,0,0,3306,0,0,0,0,1109,1566,0,1055,0,7882,0,0,0,0,0,0,0,0,0,0,40149
201610,2016,10,2759,0,856,0,0,0,803,0,0,986,0,0,0,0,0,0,8728,2617,0,0,1015,0,0,0,0,0,0,0,1649,0,0,0,0,0,1147,0,822,0,6840,0,0,0,0,0,0,0,0,0,0,28222
201611,2016,11,407,0,0,0,157,0,178,0,0,0,0,0,0,354,0,0,2320,384,0,0,245,0,0,0,0,0,0,0,509,0,0,0,0,0,218,0,156,0,1466,0,0,0,0,0,0,0,0,0,0,6394
201612,2016,12,98,98,0,0,0,0,74,0,0,0,0,0,0,120,0,0,1591,60,0,0,76,0,0,0,0,0,0,0,135,0,0,0,0,0,127,0,0,0,439,0,0,0,0,0,0,0,0,46,0,2864
201701,2017,1,57,0,19,0,0,0,26,0,0,0,0,19,0,208,0,0,564,54,0,0,24,0,0,0,0,0,0,0,93,0,0,0,0,0,50,0,0,0,240,0,0,0,0,0,0,0,0,0,0,1354
201702,2017,2,91,0,0,0,0,0,28,0,0,0,0,0,0,265,0,0,692,54,0,0,0,0,0,0,40,0,0,0,77,0,0,0,0,22,145,0,25,0,257,0,0,0,0,0,0,0,0,0,0,1696
201703,2017,3,584,0,0,0,0,0,82,0,0,0,0,0,0,121,0,0,2290,231,0,0,87,0,0,0,195,0,0,0,269,0,0,0,0,0,423,0,86,0,808,0,0,0,0,0,0,0,0,0,0,5176
201704,2017,4,2331,0,0,0,0,0,343,0,0,0,0,0,0,0,0,0,12442,925,0,0,628,0,0,0,1069,0,0,0,1244,0,0,354,0,0,2777,0,584,0,4228,0,0,0,0,0,0,0,0,0,0,26925
201705,2017,5,4304,0,917,0,0,0,1018,0,0,0,0,0,0,0,0,0,9268,2685,0,0,1489,0,0,0,1094,0,0,0,2931,0,0,0,0,0,1595,0,1052,0,8994,0,0,0,0,0,0,0,0,0,0,35347
201706,2017,6,3967,0,897,0,0,0,999,0,0,0,0,0,0,0,0,0,14756,3797,0,0,1568,0,0,0,957,0,0,0,3665,0,0,0,0,0,1591,0,877,0,8545,0,0,0,0,0,0,0,0,0,0,41619
201707,2017,7,2168,0,0,0,0,0,0,0,0,0,0,0,0,572,0,0,27096,2505,0,0,1131,0,0,0,583,0,0,0,3722,0,0,0,0,1021,1505,0,644,0,6523,0,0,0,0,0,0,0,0,0,0,47470
201708,2017,8,2363,0,0,0,0,0,0,0,0,0,0,0,0,471,0,0,34198,1137,0,0,1151,0,0,0,537,0,0,0,9262,0,0,0,0,1063,1679,0,503,0,5316,0,0,0,0,0,0,0,0,0,0,57680
201709,2017,9,3780,0,866,0,0,0,0,0,0,0,0,0,0,0,0,0,16720,2515,0,0,1236,0,0,0,1389,0,0,0,3419,0,0,0,0,960,1410,0,1017,0,8877,0,0,0,0,0,0,0,0,0,0,42189
201710,2017,10,2837,0,992,0,0,0,899,0,0,1084,0,0,0,0,0,0,10170,3105,0,0,1107,0,0,0,0,0,0,0,1756,0,0,0,0,0,1243,0,794,0,7354,0,0,0,0,0,0,0,0,0,0,31341
201711,2017,11,618,0,0,0,0,0,224,0,0,157,0,0,0,431,0,0,2719,427,0,0,322,0,0,0,0,0,0,0,489,0,0,0,0,0,317,0,132,0,1510,0,0,0,0,0,0,0,0,0,0,7346
201712,2017,12,127,0,68,0,0,0,44,0,0,0,0,0,0,149,0,0,1564,87,0,0,72,0,0,0,0,0,0,0,146,0,0,0,0,0,206,0,37,0,393,0,0,0,0,0,0,0,0,0,0,2893
201801,2018,1,65,41,25,0,0,0,66,0,0,18,0,38,0,194,0,0,681,46,0,0,33,0,0,0,0,0,0,0,117,17,0,23,0,0,57,0,22,16,109,0,28,0,0,0,12,0,9,10,0,1627
201802,2018,2,129,26,14,0,0,0,54,0,0,14,23,21,0,209,0,0,791,45,0,0,62,14,0,0,67,0,0,0,113,24,0,22,0,19,342,0,33,15,144,0,0,0,0,0,0,0,0,0,0,2181
201803,2018,3,944,91,63,0,0,0,103,0,0,78,0,0,75,150,44,0,6215,405,0,63,122,53,0,0,322,0,0,0,295,64,0,143,0,64,980,0,223,0,559,0,0,0,0,0,0,0,0,0,0,11056
201804,2018,4,2510,241,353,185,0,0,360,0,194,250,0,0,0,420,172,0,7794,975,0,0,565,340,0,0,918,0,0,0,1322,0,0,302,0,236,2127,0,664,169,1971,0,0,0,0,0,0,0,0,0,0,22068
201805,2018,5,5124,0,0,0,0,0,0,0,0,0,0,0,0,0,0,0,11257,2936,0,0,1521,0,0,0,0,0,0,0,3220,0,0,0,0,0,0,0,0,0,16607,0,0,0,0,0,0,0,0,0,0,40665
201806,2018,6,3673,464,902,348,0,0,939,0,305,741,0,0,299,814,0,0,17420,4089,0,0,1524,643,0,0,1157,0,0,0,3917,310,0,457,0,522,1807,0,1149,0,4205,0,0,0,0,0,0,0,0,0,0,45685
201807,2018,7,2231,277,415,0,0,0,444,0,269,417,0,0,0,539,346,276,30187,2516,0,0,971,359,0,0,639,0,0,0,3565,0,0,514,0,907,1520,0,816,414,3245,0,0,0,0,0,0,0,0,0,0,50867
201808,2018,8,2319,321,237,0,0,0,379,0,231,308,0,0,0,445,244,249,36422,1114,0,0,1100,352,0,0,619,0,0,0,8417,0,0,314,0,917,2205,0,689,273,3260,0,0,0,0,0,0,0,0,0,0,60415
201809,2018,9,4162,496,966,0,0,0,962,0,0,960,0,0,402,0,407,0,18491,2799,0,0,1341,476,0,0,1485,0,0,0,3498,0,0,662,0,979,1607,0,1466,368,4739,0,376,0,364,0,0,0,0,0,0,47006
201810,2018,10,3498,343,1082,0,0,0,786,0,277,1170,0,0,320,888,457,0,11038,3104,0,0,1185,527,0,0,848,0,0,0,1836,0,0,491,0,439,1848,0,1153,0,4025,0,287,0,0,0,0,0,0,0,0,35602
201811,2018,11,531,65,190,0,0,0,215,0,129,127,0,0,71,524,0,0,2698,466,0,0,288,82,0,0,113,0,0,0,546,77,0,105,0,63,347,0,141,82,791,0,0,0,0,0,0,0,0,0,0,7651
201812,2018,12,110,0,40,0,0,0,50,0,0,24,0,30,27,202,0,0,1145,87,0,0,63,29,0,0,23,0,0,0,163,23,0,84,0,0,120,0,46,27,218,0,21,0,0,0,21,0,0,0,0,2553
201901,2019,1,86,30,20,0,0,0,54,0,0,18,0,0,12,234,0,0,638,60,0,0,25,17,0,0,0,0,0,0,104,0,0,27,0,13,83,0,21,19,121,0,44,0,0,0,13,12,0,0,0,1651
201902,2019,2,134,31,16,0,0,0,35,0,0,17,0,16,0,304,0,0,913,64,0,0,37,22,0,0,33,0,0,0,90,0,0,18,0,20,125,0,33,23,150,0,0,0,0,0,13,25,0,0,0,2119
201903,2019,3,961,41,53,0,0,0,148,0,0,65,0,0,57,146,0,0,3113,367,0,0,100,87,0,0,153,0,0,0,301,59,0,104,0,56,774,0,266,75,499,0,49,0,0,0,0,0,0,0,0,7474
201904,2019,4,2798,283,384,253,0,0,514,0,200,308,0,0,0,441,281,0,12976,1171,0,0,604,382,0,0,1307,0,0,0,1683,0,0,362,0,214,3686,0,995,0,2633,0,247,0,0,0,0,0,0,0,0,31722
201905,2019,5,4986,570,1026,433,0,0,1225,0,0,1016,0,0,0,1294,443,0,13130,3500,0,0,1669,953,0,0,1395,0,0,0,3537,0,0,606,0,702,2120,0,1938,451,5103,0,576,0,0,0,0,0,0,0,0,46673
201906,2019,6,4178,551,923,338,0,0,1152,0,375,821,0,0,369,1144,0,0,17857,4240,0,0,1488,775,0,0,965,0,0,0,3642,0,0,589,0,643,2605,0,1255,0,4789,0,0,0,359,0,0,0,0,0,0,49058
201907,2019,7,2391,272,471,0,0,0,441,0,297,367,0,0,0,855,404,306,31066,2606,0,0,1157,395,0,0,496,0,0,0,3642,0,0,640,0,885,1723,0,797,373,3735,0,0,0,0,0,0,0,0,0,0,53319
201908,2019,8,2383,303,255,0,0,0,370,0,296,310,0,0,0,798,260,0,36564,1245,0,0,1280,308,0,0,416,0,0,0,9189,0,0,343,0,861,2596,0,781,350,3609,0,297,0,0,0,0,0,0,0,0,62814
201909,2019,9,4042,438,998,0,0,0,927,0,423,1008,0,0,428,592,440,0,16429,3306,0,0,1171,532,0,0,1217,0,0,0,3662,0,0,666,0,872,1528,0,1610,0,4941,0,0,0,423,0,0,0,0,0,0,45653
201910,2019,10,3589,291,928,0,0,0,864,0,323,1174,0,0,344,1298,350,0,9718,3512,0,0,1286,610,0,0,757,0,0,0,2198,0,0,630,0,523,1565,0,1247,0,4482,0,429,0,0,0,0,0,0,0,0,36118
201911,2019,11,526,127,174,0,0,0,238,0,0,155,0,0,77,820,0,0,2804,490,0,0,344,80,0,0,68,0,0,0,511,85,0,80,0,65,473,0,158,61,867,0,71,0,0,0,0,0,0,0,0,8274
201912,2019,12,93,0,53,0,0,0,57,0,0,20,0,0,32,298,0,0,1148,91,0,0,87,34,0,0,0,0,0,0,190,25,0,27,0,20,172,0,31,29,219,0,32,26,0,0,0,26,0,0,0,2710
202001,2020,1,99,32,34,0,0,0,60,0,0,15,0,24,0,364,0,0,658,72,0,0,41,12,0,0,14,0,0,0,174,21,0,28,0,0,80,0,28,28,167,0,29,0,0,0,0,21,0,0,0,2001
202002,2020,2,183,40,16,0,0,0,49,0,0,36,0,15,0,394,0,0,1142,70,0,0,37,24,0,0,68,0,0,0,164,0,0,45,0,23,466,0,38,42,184,0,23,0,0,0,17,0,0,0,0,3076
202003,2020,3,220,18,0,0,0,0,30,0,0,13,0,0,13,93,16,0,897,85,0,0,32,13,0,0,50,0,0,0,63,13,0,27,0,27,115,0,31,20,155,0,17,0,0,0,0,0,0,0,0,1948
202006,2020,6,0,0,0,0,0,0,0,0,0,0,0,0,0,0,0,0,11,0,0,0,0,0,0,0,0,0,0,0,0,0,0,0,0,0,0,0,0,0,0,1,0,0,0,0,0,0,0,0,0,12
202007,2020,7,336,34,0,0,0,0,24,0,48,0,0,0,33,0,25,0,7859,43,0,0,161,42,0,0,0,0,0,0,321,0,0,0,0,76,303,0,63,25,228,30,26,0,0,0,27,0,18,0,30,9752
202008,2020,8,642,80,0,0,0,0,65,0,87,0,0,0,82,0,0,0,15168,84,0,0,428,82,40,0,44,0,0,0,1203,0,0,41,0,146,732,0,134,45,524,71,0,0,0,0,34,0,0,0,80,19812
202009,2020,9,479,74,0,0,0,0,69,30,39,0,0,0,29,0,0,0,7275,41,0,0,336,97,0,0,29,0,0,0,411,0,0,0,0,120,662,0,136,68,381,50,30,0,0,0,36,0,0,0,49,10441
202010,2020,10,330,42,0,24,0,0,39,0,45,37,0,0,24,0,0,0,3825,51,0,0,386,91,0,0,26,0,0,0,311,0,0,0,0,100,590,0,116,38,257,26,0,0,0,0,35,0,0,0,25,6418
202011,2020,11,49,5,5,7,0,0,10,7,10,6,0,0,0,5,0,0,181,0,0,0,95,13,0,0,8,0,0,0,58,0,0,4,0,0,18,0,25,13,52,0,0,0,0,4,10,0,0,0,0,585
202012,2020,12,6,1,1,0,0,0,1,2,5,0,0,0,1,8,0,0,45,1,0,0,10,3,0,1,0,0,0,0,1,0,0,0,0,1,5,0,2,2,0,0,0,0,0,0,1,0,0,2,0,99
202101,2021,1,9,2,0,0,0,0,1,0,0,0,0,0,0,1,0,0,27,2,0,1,2,2,0,0,1,0,1,0,0,0,1,0,0,0,9,0,0,0,0,1,0,0,0,0,0,0,0,0,0,60
202102,2021,2,0,0,0,0,0,0,0,0,0,0,0,0,1,0,0,0,4,0,0,0,4,0,0,0,0,0,0,0,1,0,0,0,0,0,0,0,0,3,0,0,0,0,0,0,1,0,0,0,0,14
202103,2021,3,5,4,0,1,0,0,0,0,0,0,0,0,2,0,0,0,155,1,2,0,3,0,0,0,0,2,0,1,4,1,0,4,1,3,0,0,1,0,0,0,0,0,0,0,1,0,0,0,3,194
202104,2021,4,42,7,0,3,0,0,5,0,5,0,0,5,6,0,0,0,808,25,0,0,17,6,0,0,4,0,0,0,18,0,0,0,0,3,23,0,3,0,22,3,0,0,0,0,7,0,4,0,8,1024
202105,2021,5,130,18,0,28,0,0,22,22,21,0,0,0,0,0,15,0,3024,19,0,0,79,26,0,0,0,0,0,0,102,0,15,27,0,20,474,0,19,19,167,20,0,0,0,0,28,0,0,0,0,4295
202106,2021,6,424,64,0,35,0,0,57,0,53,0,0,0,55,0,34,0,10382,162,0,0,362,125,0,0,0,0,0,0,440,0,0,55,0,115,1717,0,72,70,428,53,0,0,0,0,72,0,0,0,49,14824
202107,2021,7,830,129,0,0,0,0,0,0,195,0,0,0,125,0,125,91,25750,748,0,0,862,194,0,0,0,0,0,0,1234,0,0,233,0,355,1131,98,119,277,1159,95,0,0,0,0,113,0,0,0,100,33963
202108,2021,8,878,135,0,0,0,0,0,0,141,0,0,87,109,0,100,0,34381,543,0,0,707,191,92,0,118,0,0,0,2404,0,0,203,0,406,1297,0,166,161,1234,104,0,0,0,0,0,0,0,0,118,43575
202109,2021,9,1823,0,0,181,0,0,137,0,309,126,0,0,243,0,239,0,23830,1741,0,0,996,555,0,0,277,0,0,0,1692,0,0,379,0,566,1551,0,426,302,1786,0,0,0,0,0,162,0,0,0,142,37463
202110,2021,10,1901,151,0,177,0,0,368,0,223,277,0,0,301,0,252,0,16586,1952,0,0,980,579,0,0,326,0,0,0,1303,0,0,461,0,317,2406,0,509,177,1735,0,0,0,0,0,189,0,0,0,0,31170
202111,2021,11,428,52,0,0,0,0,176,0,57,89,0,0,64,119,55,0,5020,409,0,0,351,107,0,0,0,0,0,0,481,0,0,135,0,51,620,0,113,67,590,0,0,0,0,0,63,0,0,0,47,9094
202112,2021,12,32,0,4,0,0,0,14,0,12,5,0,5,10,10,0,0,809,24,0,0,52,9,5,0,5,0,0,0,46,0,0,9,0,0,70,0,13,5,48,0,0,0,0,0,6,0,0,0,0,1193
202201,2022,1,30,25,0,0,0,0,21,0,9,0,10,0,16,40,0,0,993,78,0,0,22,24,0,0,0,0,0,0,104,0,0,14,0,0,63,0,19,11,96,0,14,0,0,0,0,0,9,10,9,1617
202202,2022,2,103,26,0,0,0,0,40,0,10,0,22,0,22,48,0,0,1164,44,0,0,46,20,0,0,13,0,0,0,70,0,0,24,18,13,176,0,35,16,114,0,0,0,0,0,10,0,0,0,0,2034
202203,2022,3,651,62,0,32,0,0,98,0,43,66,0,0,55,48,30,0,3843,324,0,0,137,95,0,0,108,0,0,0,235,0,0,221,0,45,704,0,124,57,411,0,0,0,0,0,0,0,0,0,0,7389
202204,2022,4,2213,232,0,190,0,0,451,0,194,213,0,0,410,170,235,0,18427,1604,0,0,586,407,0,0,799,0,0,0,1184,0,0,456,0,162,3206,0,708,241,2195,0,0,0,0,0,0,0,0,0,0,34283
202205,2022,5,4457,570,0,472,0,0,1204,0,420,643,0,0,640,641,369,0,18258,3882,0,0,1589,1131,0,0,1232,0,0,0,3042,0,0,838,0,558,2035,0,1634,486,4153,0,0,0,0,0,0,0,0,0,0,48254
202206,2022,6,3911,506,432,0,0,0,849,0,380,625,0,0,401,470,352,0,27075,4908,0,0,1812,1008,0,0,1118,0,0,0,3548,0,0,722,0,519,3794,0,1266,409,3907,0,0,0,0,0,0,0,0,0,0,58012
202207,2022,7,2059,307,0,0,0,0,448,0,381,343,0,0,360,395,389,238,45379,3547,0,0,1303,407,0,0,528,0,0,0,3417,0,0,867,0,628,1742,0,711,670,3255,0,0,0,0,0,0,0,0,0,0,67374
202208,2022,8,2103,353,0,0,0,0,327,0,262,250,0,0,301,380,274,0,61542,1374,0,0,1344,414,208,0,459,0,0,0,8314,0,0,389,0,712,2638,0,590,421,3187,0,0,0,0,0,0,0,0,0,0,85842
202209,2022,9,4017,648,554,0,0,0,812,0,537,1033,0,0,763,0,678,0,33287,4473,0,0,1506,702,0,0,1255,0,0,0,3898,0,0,1113,0,887,2154,0,1684,621,5144,0,0,0,0,430,0,0,0,0,0,66196
202210,2022,10,3013,428,585,0,0,0,966,0,0,1165,0,0,525,977,432,0,20979,4992,0,0,1515,762,0,0,1011,0,0,0,2512,0,0,913,0,632,2919,0,1247,423,5059,0,0,0,0,301,0,0,0,0,0,51356
202211,2022,11,526,115,146,0,0,0,225,0,124,177,0,0,114,431,79,0,5485,656,0,0,380,154,0,0,128,0,0,0,594,0,0,255,0,67,437,0,170,77,943,0,0,0,0,0,0,0,0,0,0,11283
202212,2022,12,129,29,44,0,0,0,55,0,27,28,0,0,43,157,0,0,2984,118,0,0,127,28,15,0,0,0,0,0,160,0,0,64,0,22,298,0,53,29,250,0,0,0,0,0,0,23,0,0,0,4683
202301,2023,1,80,52,24,0,0,0,45,0,13,31,16,0,0,168,0,0,914,81,0,0,46,29,0,0,0,0,0,0,133,0,0,35,0,15,82,22,28,21,179,0,0,0,0,0,0,14,0,0,0,2028
202302,2023,2,156,65,25,0,0,33,37,0,0,31,0,0,18,176,0,0,1127,105,0,0,36,39,20,0,0,0,0,0,109,0,0,42,0,28,464,0,46,52,224,0,0,0,0,0,0,0,0,23,0,2856
202304,2023,4,1442,182,176,0,0,0,277,0,162,188,0,0,258,305,176,0,12794,989,0,0,299,216,0,0,860,0,0,0,708,0,0,437,0,0,1815,0,512,183,2069,0,0,0,0,0,0,128,0,0,0,24176
