ID,Year,Month,A Coruña,A Guarda,Alemania,Astorga,Avilés,Baiona,Barcelona,Braga,Burgos,Bélgica,Cebreiro,Com. Valenciana - C.F.,Com. Valenciana - O.C.,Corrubedo,Estella,Ferrol,Finisterra,Fonsagrada - C.P.,Francia - C.F.,Gijón,Gudiña,Irún,Laza,Le Puy,León,Lisboa,Logroño,Lourdes,Lugo - C.P.,Madrid - C.F.,Madrid - V.P.,Mondoñedo,Monforte de Lemos,Montserrat,Muxia,Mérida,Nájera,O Barco de Valdeorras,Oporto,Oporto Costa,Ourense,Oviedo - C.P.,Pamplona,Ponferrada,Ponferrada. C.Inv.,Ponte de Lima,Ponte de sa,Porriño,Porto (por Tui),Republica Checa,Resto,Resto Asturias - C.N,Resto C. León C.F.,Resto Galicia,Resto Portugal,Resto de Galicia,Resto de Portugal,Ribadeo,Roncesvalles,S. Jean P. Port,Sahagún,Samos,San Sebastián,Santander,Sarria,Sevilla,Somport,Triacastela,Tui,Valença do Minho,Vega de Valcarce,Verín,Vezelay,Viana do Castelo,Vigo,Vilafranca,Vilalba,Villafranca del Bierzo,Total
200401,2004,1,0,0,0,29,0,0,0,0,0,0,120,0,0,0,0,0,0,0,0,0,0,0,0,0,23,0,0,0,0,0,17,0,0,0,0,0,0,0,0,0,0,0,15,49,0,0,0,0,0,0,124,0,0,0,0,0,0,0,31,30,0,0,0,0,152,0,0,0,0,0,0,0,0,0,0,53,0,0,643
200402,2004,2,0,0,0,34,0,0,0,0,0,0,167,0,0,0,0,34,0,0,0,0,0,0,0,0,58,0,0,0,0,0,0,0,0,0,0,0,0,0,0,0,0,0,0,50,0,0,0,0,0,0,276,0,0,0,0,0,0,0,83,40,0,0,0,0,513,0,0,0,117,0,0,0,0,0,0,29,0,0,1401
200403,2004,3,0,0,0,127,0,0,0,0,0,0,576,0,0,0,0,92,0,0,0,0,0,0,0,0,154,0,0,0,0,0,0,0,0,0,0,0,0,0,0,0,0,0,0,145,0,0,0,0,0,0,602,0,0,0,0,0,0,0,218,60,0,0,0,0,742,0,0,0,325,0,0,0,0,0,0,64,0,0,3105
200404,2004,4,0,0,0,509,0,0,0,0,0,0,2362,0,0,0,0,0,0,0,0,0,0,0,0,0,605,0,0,0,0,0,0,0,0,0,0,0,0,0,0,0,464,0,0,757,0,0,0,0,0,0,2833,0,0,0,0,0,0,0,783,392,0,0,0,0,4851,0,0,0,1462,0,0,0,0,0,0,536,0,0,15554
200405,2004,5,0,0,0,573,0,0,0,0,415,0,2040,0,0,0,0,0,0,0,0,0,0,0,0,0,1020,0,0,0,0,0,0,0,0,0,0,0,0,0,0,0,0,0,460,809,0,0,0,0,0,0,4727,0,0,0,0,0,0,0,1548,1361,0,0,0,0,2829,0,0,0,1078,0,0,0,0,0,0,0,0,0,16860
200406,2004,6,0,0,0,731,0,0,0,0,0,0,2466,0,0,0,0,0,0,0,0,0,0,0,0,0,911,0,0,0,0,0,0,0,0,0,0,0,0,0,0,0,0,0,483,902,0,0,0,0,0,0,5758,0,0,0,0,0,0,0,1948,1689,0,0,0,0,3314,0,0,0,669,0,0,0,0,0,0,424,0,0,19295
200407,2004,7,0,0,0,1738,0,0,0,0,0,0,3685,0,0,0,0,0,0,0,0,0,0,0,0,0,1817,0,0,0,0,0,0,0,0,0,0,0,0,0,0,0,0,0,0,2668,0,0,0,0,0,0,8672,0,0,0,0,0,0,0,2027,1265,0,0,0,0,6271,0,0,534,2090,0,0,0,0,0,0,1124,0,0,31891
200408,2004,8,0,0,0,1560,0,0,0,0,0,0,4014,0,0,0,0,0,0,0,0,0,0,0,0,0,2349,0,0,0,0,0,0,0,0,0,0,0,0,0,0,0,3179,2645,0,2845,0,0,0,0,0,0,12401,0,0,0,0,0,0,0,2980,1643,0,0,0,0,9470,0,0,0,2515,0,0,0,0,0,0,0,0,0,45601
200409,2004,9,0,0,0,977,0,0,0,0,0,0,2315,0,0,0,0,0,0,0,0,0,0,0,0,0,1361,0,0,0,0,0,0,0,0,0,0,0,0,0,0,0,0,0,551,1462,0,0,0,0,0,0,5645,0,0,0,0,0,0,0,1786,1288,0,0,0,0,5788,0,0,0,1031,0,0,0,0,0,0,548,0,0,22752
200410,2004,10,0,0,0,475,0,0,0,0,0,0,1447,0,0,0,0,0,0,0,0,0,0,0,0,336,702,0,0,0,0,0,0,0,0,0,0,0,0,0,0,0,408,0,0,685,0,0,0,0,0,0,3576,0,0,0,0,0,0,0,1199,1197,0,0,0,0,3846,0,0,0,685,0,0,0,0,0,0,0,0,0,14556
200411,2004,11,0,0,0,122,0,0,0,0,0,0,766,0,0,0,0,0,0,0,0,0,0,0,0,98,151,0,0,0,0,0,0,0,0,0,0,0,0,0,0,0,0,0,0,159,0,0,0,0,0,0,1216,0,0,0,0,0,0,0,323,271,0,0,0,0,983,0,0,73,248,0,0,0,0,0,0,0,0,0,4410
200412,2004,12,0,0,0,64,0,0,0,0,0,0,737,0,0,0,0,72,0,0,0,0,0,0,0,0,129,0,0,0,0,0,0,0,0,0,0,0,0,0,0,0,0,72,0,111,0,0,0,0,0,0,859,0,0,0,0,0,0,0,181,104,0,0,0,0,982,0,0,0,491,0,0,0,0,0,0,0,0,0,3802
200501,2005,1,0,0,0,9,0,0,0,0,9,0,33,0,0,0,0,0,0,0,0,0,0,0,0,0,28,0,0,0,0,0,0,0,0,0,0,0,0,0,0,0,0,0,8,14,0,0,0,0,0,0,80,0,0,0,0,0,0,0,11,22,0,0,0,0,42,0,0,0,13,0,0,0,0,0,0,0,0,0,269
200502,2005,2,0,0,0,0,0,0,0,12,18,0,231,0,0,0,0,0,0,0,0,0,0,0,0,0,23,0,0,0,0,0,0,0,0,0,0,0,0,0,0,0,0,0,10,27,0,0,0,0,0,0,90,0,0,0,0,0,0,0,21,22,0,0,0,0,81,0,0,0,30,0,0,0,0,0,0,0,0,0,565
200503,2005,3,0,0,0,139,0,0,0,0,0,0,395,0,0,0,0,0,0,0,0,0,0,0,0,0,128,0,0,0,69,0,0,0,0,0,0,0,0,0,0,0,0,0,0,148,0,0,0,0,0,0,746,0,0,0,0,0,0,0,171,0,0,0,0,0,1002,0,0,0,133,98,0,0,0,0,0,92,0,0,3121
200504,2005,4,0,0,0,142,0,0,0,0,0,0,255,0,0,0,0,0,0,0,0,0,0,0,0,0,229,0,0,0,0,0,0,0,0,0,0,0,0,0,0,0,0,0,0,190,0,0,0,0,0,0,978,0,0,0,0,0,0,0,265,237,0,0,0,0,606,0,0,0,146,151,0,0,0,0,0,108,0,0,3307
200505,2005,5,0,0,0,311,0,0,0,0,311,0,584,0,0,0,0,0,0,0,0,0,0,0,0,338,678,0,0,0,0,0,0,0,0,0,0,0,0,0,0,0,0,0,513,513,0,0,0,0,0,0,2832,0,0,0,0,0,0,0,847,1334,0,0,0,0,1049,0,0,0,0,0,0,0,0,0,0,0,0,0,9310
200506,2005,6,0,0,0,486,0,0,0,0,0,0,612,0,0,0,0,0,0,0,394,0,0,0,0,522,884,0,0,0,0,0,0,0,0,0,0,0,0,0,0,0,0,0,633,578,0,0,0,0,0,0,3771,0,0,0,0,0,0,0,1499,1902,0,0,0,0,1338,0,0,0,0,0,0,0,0,0,0,0,0,0,12619
200507,2005,7,0,0,0,1241,0,0,0,0,477,0,1637,0,0,0,0,0,0,0,0,0,0,0,0,0,1276,0,0,0,0,0,0,0,0,0,0,0,0,0,0,0,0,0,514,1359,0,0,0,0,0,0,5488,0,0,0,0,0,0,0,1564,1363,0,0,0,0,3337,0,0,0,548,0,0,0,0,0,0,0,0,0,18804
200508,2005,8,0,0,0,1144,0,0,0,0,698,0,2122,0,0,0,0,0,0,0,0,0,0,0,0,0,1797,0,0,0,0,0,0,0,0,0,0,0,0,0,0,0,0,0,0,1928,0,0,0,0,0,0,6410,0,0,0,0,0,0,0,2706,2034,0,0,0,0,4429,0,0,0,819,0,0,0,0,0,0,744,0,0,24831
200509,2005,9,0,0,0,582,0,0,0,0,388,0,1119,0,0,0,0,0,0,0,0,0,0,0,0,328,1046,0,0,0,0,0,0,0,0,0,0,0,0,0,0,0,0,0,456,757,0,0,0,0,0,0,3116,0,0,0,0,0,0,0,1190,1363,0,0,0,0,1823,0,0,0,0,0,0,0,0,0,0,0,0,0,12168
200510,2005,10,0,0,0,189,0,0,0,0,0,0,323,0,0,0,0,0,0,0,203,0,0,0,0,313,488,0,0,0,0,0,0,0,0,0,0,0,0,0,0,0,0,0,284,401,0,0,0,0,0,0,1799,0,0,0,0,0,0,0,747,1193,0,0,0,0,933,0,0,0,0,0,0,0,0,0,0,0,0,0,6873
200511,2005,11,0,0,0,43,0,0,0,0,42,0,77,0,0,0,0,0,0,0,53,0,0,0,0,57,64,0,0,0,0,0,0,0,0,0,0,0,0,0,0,0,0,0,56,0,0,0,0,0,0,0,442,0,0,0,0,0,0,0,152,276,0,0,0,0,126,0,0,0,0,0,0,0,0,0,0,0,0,0,1388
200512,2005,12,0,0,0,0,0,0,0,0,0,0,49,0,0,0,0,39,0,20,0,0,0,0,0,0,35,0,0,0,0,0,0,0,0,0,0,0,0,0,0,0,20,0,0,32,0,0,0,0,0,0,244,0,0,0,0,0,0,0,57,51,0,0,0,0,94,0,0,0,27,0,0,0,0,0,0,0,0,0,668
200601,2006,1,0,0,0,13,0,0,0,0,13,0,35,0,0,0,0,0,0,0,0,0,0,0,0,0,25,0,0,0,0,0,0,0,0,0,0,0,0,0,0,0,0,0,0,17,0,0,0,0,0,0,102,0,0,0,0,0,0,0,29,14,0,0,0,0,51,0,0,0,0,11,0,0,0,0,0,14,0,0,324
200602,2006,2,0,0,0,16,0,0,0,0,10,0,44,0,0,0,0,0,0,0,0,0,0,0,0,0,12,0,0,0,0,0,0,0,0,0,0,0,0,0,0,0,0,0,0,14,0,0,0,0,0,0,79,0,0,0,0,0,0,0,27,14,0,9,0,0,110,0,0,0,0,16,0,0,0,0,0,0,0,0,351
200603,2006,3,0,0,0,36,0,0,0,0,0,0,109,0,0,0,0,0,0,0,0,0,0,0,0,0,98,0,0,0,0,0,0,0,0,0,0,0,0,0,0,0,0,0,30,50,0,0,0,0,0,0,286,0,0,0,0,0,0,0,56,60,0,0,0,0,298,0,0,38,0,0,0,0,0,0,0,35,0,0,1096
200604,2006,4,0,0,0,216,0,0,0,0,0,0,579,0,0,0,0,0,0,0,0,0,0,0,0,0,349,0,0,0,0,0,0,0,0,0,0,0,0,0,201,0,0,0,0,478,0,0,0,0,0,0,2213,0,0,0,0,0,0,0,429,323,0,0,0,0,2058,0,0,0,357,248,0,0,0,0,0,0,0,0,7451
200605,2006,5,0,0,0,440,0,0,0,0,353,0,516,0,0,0,0,0,0,0,0,0,0,0,0,457,697,0,0,0,0,0,0,0,0,0,0,0,0,0,0,0,0,0,465,439,0,0,0,0,0,0,3106,0,0,0,0,0,0,0,861,1576,0,0,0,0,1237,0,0,0,0,0,0,0,0,0,0,0,0,0,10147
200606,2006,6,0,0,0,463,0,0,0,0,0,0,667,0,0,0,0,0,0,0,393,0,0,0,0,578,874,0,0,0,0,0,0,0,0,0,0,0,0,0,0,0,0,0,629,543,0,0,0,0,0,0,3948,0,0,0,0,0,0,0,1411,2131,0,0,0,0,1374,0,0,0,0,0,0,0,0,0,0,0,0,0,13011
200607,2006,7,0,0,0,1026,0,0,0,0,436,0,1337,0,0,0,0,0,0,0,0,0,0,0,0,0,1287,0,0,0,0,0,0,0,0,0,0,0,0,0,0,0,0,0,0,1166,0,0,0,0,0,0,6444,0,0,0,0,0,0,0,1573,1369,0,0,0,0,3070,0,0,0,500,0,0,0,0,0,0,512,0,0,18720
200608,2006,8,0,0,0,1085,0,0,0,0,723,0,1985,0,0,0,0,0,0,0,0,0,0,0,0,0,1999,0,0,0,0,0,0,0,0,0,0,0,0,0,0,0,0,0,725,1881,0,0,0,0,0,0,7552,0,0,0,0,0,0,0,2721,2131,0,0,0,0,4729,0,0,0,0,0,0,0,0,0,0,652,0,0,26183
200609,2006,9,0,0,0,631,0,0,0,0,520,0,821,0,0,0,0,0,0,0,0,0,0,0,0,464,1042,0,0,0,0,0,0,0,0,0,0,0,0,0,0,0,0,0,540,827,0,0,0,0,0,0,3826,0,0,0,0,0,0,0,1209,1562,0,0,0,0,2028,0,0,0,0,0,0,0,0,0,0,0,0,0,13470
200610,2006,10,0,0,0,249,0,0,0,0,0,0,358,0,0,0,0,0,0,0,219,0,0,0,0,394,464,0,0,0,0,0,0,0,0,0,0,0,0,0,0,0,0,0,330,338,0,0,0,0,0,0,2115,0,0,0,0,0,0,0,752,1401,0,0,0,0,1080,0,0,0,0,0,0,0,0,0,0,0,0,0,7700
200611,2006,11,0,0,0,0,0,0,0,0,0,0,103,0,0,0,0,0,0,0,0,0,0,0,0,105,73,0,0,0,0,0,0,0,0,0,0,0,0,0,0,0,0,0,72,88,0,0,0,0,0,0,574,0,0,0,0,0,0,55,171,284,0,0,0,0,177,0,53,0,0,0,0,0,0,0,0,0,0,0,1755
200612,2006,12,0,0,0,26,0,0,0,0,0,0,83,0,0,0,0,0,0,0,0,0,0,0,0,22,31,0,0,0,0,0,0,0,0,0,0,0,0,0,0,0,0,0,0,44,0,0,0,0,0,0,228,0,0,0,0,0,0,0,123,72,0,0,0,0,138,0,0,0,59,0,0,0,0,0,0,22,0,0,848
200701,2007,1,0,0,0,19,0,0,0,0,0,0,25,0,0,0,0,0,0,0,0,0,0,0,0,0,26,0,0,0,0,0,0,0,0,0,0,0,0,0,0,0,0,8,14,28,0,0,0,0,0,0,85,0,0,0,0,0,0,0,35,40,0,0,0,0,62,0,0,0,8,0,0,0,0,0,0,0,0,0,350
200702,2007,2,0,0,0,0,0,0,0,0,0,0,117,0,0,0,0,0,0,0,0,0,0,0,0,0,44,0,0,0,0,0,0,0,0,0,0,0,0,0,0,0,0,0,0,29,0,0,0,0,0,0,153,0,0,0,0,0,0,0,29,25,0,0,0,0,142,0,0,41,30,27,0,0,0,0,0,0,28,0,665
200703,2007,3,0,0,0,0,0,0,0,0,46,0,206,0,0,0,0,0,0,0,0,0,0,0,0,0,129,0,0,0,0,0,0,0,0,0,0,0,0,0,0,0,0,0,50,71,0,0,0,0,0,0,495,0,0,0,0,0,0,0,90,100,0,45,0,0,360,0,0,88,0,0,0,0,0,0,0,0,0,0,1680
200704,2007,4,0,0,0,258,0,0,0,0,0,0,548,0,0,0,0,0,0,0,0,0,0,0,0,236,511,0,0,0,0,0,0,0,0,0,0,0,0,0,0,0,0,0,229,392,0,0,0,0,0,0,2727,0,0,0,0,0,0,0,459,588,0,0,0,0,1845,0,0,0,322,0,0,0,0,0,0,0,0,0,8115
200705,2007,5,0,0,0,490,0,0,0,0,400,0,685,0,0,0,0,0,0,0,0,0,0,0,0,576,926,0,0,0,0,0,0,0,0,0,0,0,0,0,0,0,0,0,686,441,0,0,0,0,0,0,3954,0,0,0,0,0,0,0,1010,2060,0,0,0,0,1696,0,0,0,0,0,0,0,0,0,0,0,0,0,12924
200706,2007,6,0,0,0,513,0,0,0,0,444,0,776,0,0,0,0,0,0,0,0,0,0,0,0,561,999,0,0,0,0,0,0,0,0,0,0,0,0,0,0,0,0,0,704,594,0,0,0,0,0,0,4657,0,0,0,0,0,0,0,1335,2742,0,0,0,0,1857,0,0,0,0,0,0,0,0,0,0,0,0,0,15182
200707,2007,7,0,0,0,1102,0,0,0,0,539,0,1349,0,0,0,0,0,0,0,0,0,0,0,0,0,1235,0,0,0,0,0,0,0,0,0,0,0,0,0,0,0,0,0,495,1254,0,0,0,0,0,0,7073,0,0,0,0,0,0,0,1411,1820,0,0,0,0,3206,0,0,0,672,0,0,0,0,0,0,0,0,0,20156
200708,2007,8,0,0,0,965,0,0,0,0,629,0,2005,0,0,0,0,0,0,0,0,0,0,0,0,0,2003,0,0,0,0,0,0,0,0,0,0,0,0,0,0,0,0,0,734,1868,0,0,0,0,0,0,7993,0,0,0,0,0,0,0,2449,2483,0,0,0,0,5334,0,0,0,826,0,0,0,0,0,0,0,0,0,27289
200709,2007,9,0,0,0,701,0,0,0,0,411,0,962,0,0,0,0,0,0,0,0,0,0,0,0,438,1130,0,0,0,0,0,0,0,0,0,0,0,0,0,0,0,0,0,531,886,0,0,0,0,0,0,4540,0,0,0,0,0,0,0,1154,1936,0,0,0,0,2593,0,0,0,0,0,0,0,0,0,0,0,0,0,15282
200710,2007,10,0,0,0,362,0,0,0,0,0,0,513,0,0,0,0,0,0,0,229,0,0,0,0,393,589,0,0,0,0,0,0,0,0,0,0,0,0,0,0,0,0,0,342,393,0,0,0,0,0,0,2688,0,0,0,0,0,0,0,772,1804,0,0,0,0,1358,0,0,0,0,0,0,0,0,0,0,0,0,0,9443
200711,2007,11,0,0,0,0,0,0,0,0,0,0,115,0,0,0,0,0,0,0,0,0,0,0,0,92,87,0,0,0,0,0,0,0,0,0,0,0,0,0,95,0,0,73,77,89,0,0,0,0,0,0,805,0,0,0,0,0,0,0,215,390,0,0,0,0,458,0,0,0,0,0,0,0,0,0,0,0,0,0,2496
200712,2007,12,0,0,0,29,0,0,0,0,0,0,92,0,0,0,0,0,0,0,0,0,0,0,0,0,34,0,0,0,0,0,0,0,0,0,0,0,0,0,0,0,0,0,0,24,0,0,0,0,0,0,268,0,0,0,0,0,0,30,62,77,0,0,0,0,132,0,0,0,20,0,0,0,0,0,0,27,0,0,795
200801,2008,1,0,0,0,18,0,0,0,0,12,0,26,0,0,0,0,0,0,0,0,0,0,0,0,0,18,0,0,0,0,0,0,0,0,0,0,0,0,0,11,0,0,0,10,25,0,0,0,0,0,0,92,0,0,0,0,0,0,0,18,20,0,0,0,0,56,0,0,0,0,0,0,0,0,0,0,0,0,0,306
200802,2008,2,0,0,0,0,0,0,0,0,0,0,146,0,0,0,0,0,0,0,0,0,0,0,0,0,28,0,0,0,0,0,0,0,0,0,0,0,0,0,0,0,0,0,0,25,0,0,0,0,0,0,163,0,0,0,0,0,0,0,37,50,0,0,0,0,125,0,0,34,62,18,0,0,0,0,0,15,0,0,703
200803,2008,3,0,0,0,168,0,0,0,0,0,0,460,0,0,0,0,0,0,0,0,0,0,0,0,0,194,0,0,0,0,0,0,0,0,0,0,0,0,0,0,0,137,0,0,254,0,0,0,0,0,0,1688,0,0,0,0,0,0,0,307,173,0,0,0,0,1565,0,0,0,227,154,0,0,0,0,0,0,0,0,5327
200804,2008,4,0,0,0,182,0,0,0,0,0,0,222,0,0,0,0,0,0,0,0,0,0,0,0,0,425,0,0,0,0,0,0,0,0,0,0,0,0,0,283,0,0,0,218,212,0,0,0,0,0,0,1707,0,0,0,0,0,0,0,342,557,0,0,0,0,1339,161,0,0,0,0,0,0,0,0,0,0,0,0,5648
200805,2008,5,0,0,0,623,0,0,0,0,0,0,669,0,0,0,0,0,0,0,0,0,0,0,0,506,1157,0,0,0,0,0,0,0,0,0,0,0,0,0,557,0,0,0,747,692,0,0,0,0,0,0,5174,0,0,0,0,0,0,0,1080,2640,0,0,0,0,2156,0,0,0,0,0,0,0,0,0,0,0,0,0,16001
200806,2008,6,0,0,0,474,0,0,0,0,435,0,814,0,0,0,0,0,0,0,0,0,0,0,0,546,1111,0,0,0,0,0,0,0,0,0,0,0,0,0,0,0,0,0,794,587,0,0,0,0,0,0,4767,0,0,0,0,0,0,0,1451,3079,0,0,0,0,1846,0,0,0,0,0,0,0,0,0,0,0,0,0,15904
200807,2008,7,0,0,0,1187,0,0,0,0,0,0,1296,0,0,0,0,0,0,0,0,0,0,0,0,0,1298,0,0,0,0,0,0,0,0,0,0,0,0,0,0,0,0,0,574,1386,0,0,0,0,0,0,7215,0,0,0,0,0,0,0,1261,1993,0,0,0,0,3676,0,0,0,714,0,0,0,0,0,0,466,0,0,21066
200808,2008,8,0,0,0,1150,0,0,0,0,708,0,2492,0,0,0,0,0,0,0,0,0,0,0,0,0,2036,0,0,0,0,0,0,0,0,0,0,0,0,0,0,0,0,0,709,1932,0,0,0,0,0,0,9149,0,0,0,0,0,0,0,2427,2755,0,0,0,0,5490,0,0,0,1148,0,0,0,0,0,0,0,0,0,29996
200809,2008,9,0,0,0,797,0,0,0,0,518,0,1114,0,0,0,0,0,0,0,0,0,0,0,0,471,1358,0,0,0,0,0,0,0,0,0,0,0,0,0,0,0,0,0,685,995,0,0,0,0,0,0,5247,0,0,0,0,0,0,0,1307,2159,0,0,0,0,2727,0,0,0,0,0,0,0,0,0,0,0,0,0,17378
200810,2008,10,0,0,0,389,0,0,0,0,300,0,435,0,0,0,0,0,0,0,0,0,0,0,0,380,516,0,0,0,0,0,0,0,0,0,0,0,0,0,0,0,0,0,401,440,0,0,0,0,0,0,2968,0,0,0,0,0,0,0,765,1829,0,0,0,0,1455,0,0,0,0,0,0,0,0,0,0,0,0,0,9878
200811,2008,11,0,0,0,56,0,0,0,0,0,0,134,0,0,0,0,0,0,0,0,0,0,0,0,110,86,0,0,0,0,0,0,0,0,0,0,0,0,0,62,0,0,0,60,100,0,0,0,0,0,0,763,0,0,0,0,0,0,0,170,427,0,0,0,0,341,0,0,0,0,0,0,0,0,0,0,0,0,0,2309
200812,2008,12,0,0,0,0,0,0,0,0,0,0,101,0,0,0,0,0,0,0,0,0,0,0,0,0,30,0,0,0,0,0,0,0,0,0,0,0,0,0,0,0,0,0,28,28,0,0,0,0,0,0,287,0,0,0,29,0,0,0,55,84,0,0,0,0,152,0,0,0,98,0,0,0,0,0,193,0,0,0,1085
200901,2009,1,0,0,0,0,0,0,0,0,14,0,40,0,0,0,26,0,0,14,0,0,0,0,0,0,49,0,0,0,0,0,0,0,0,0,0,0,0,0,0,0,0,0,19,27,0,0,0,0,0,0,150,0,0,0,0,0,0,0,23,50,0,0,0,0,111,0,0,0,0,0,0,0,0,0,0,0,0,0,523
200902,2009,2,0,0,0,26,0,0,0,0,0,0,144,0,0,0,0,0,0,0,0,0,0,0,0,0,34,0,0,0,0,0,0,0,0,0,0,0,0,0,18,0,0,0,0,0,0,0,0,0,0,0,223,0,0,0,0,0,0,0,41,28,0,0,0,0,106,0,0,21,36,21,0,0,0,0,0,0,0,0,698
200903,2009,3,0,0,0,77,0,0,0,0,0,0,96,0,0,0,0,0,0,0,0,0,0,0,0,0,160,0,0,0,0,0,0,0,0,0,0,0,0,0,0,0,0,0,65,86,0,0,0,0,0,0,591,0,0,0,0,0,0,0,141,124,0,0,0,0,396,59,0,0,55,0,0,0,0,0,0,0,0,0,1850
200904,2009,4,0,0,0,307,0,0,0,0,220,0,831,0,0,0,0,0,0,0,0,0,0,0,0,0,544,0,0,0,0,0,0,0,0,0,0,0,0,0,0,0,0,0,0,483,0,0,0,0,0,0,3241,0,0,0,0,0,0,0,577,645,0,0,0,0,2742,0,0,0,469,257,0,0,0,0,0,0,0,0,10316
200905,2009,5,0,0,0,545,0,0,0,0,0,0,768,0,0,0,0,0,0,0,0,0,0,0,0,509,1089,0,0,0,0,0,0,0,0,0,0,0,0,0,677,0,0,0,710,705,0,0,0,0,0,0,5708,0,0,0,0,0,0,0,1164,2312,0,0,0,0,2311,0,0,0,0,0,0,0,0,0,0,0,0,0,16498
200906,2009,6,0,0,0,624,0,0,0,0,567,0,977,0,0,0,0,0,0,0,0,0,0,0,0,618,1318,0,0,0,0,0,0,0,0,0,0,0,0,0,0,0,0,0,726,906,0,0,0,0,0,0,6582,0,0,0,0,0,0,0,1536,3046,0,0,0,0,2454,0,0,0,0,0,0,0,0,0,0,0,0,0,19354
200907,2009,7,0,0,0,1309,0,0,0,0,0,0,2002,0,0,0,0,0,0,0,0,0,0,0,0,0,1623,0,0,0,0,0,0,0,0,0,0,0,0,0,0,0,0,0,563,1684,0,0,0,0,0,0,9216,0,0,0,0,0,0,0,1665,2069,0,0,0,0,5055,0,0,0,940,0,0,0,0,0,0,626,0,0,26752
200908,2009,8,0,0,0,1256,0,0,0,0,907,0,2708,0,0,0,0,0,0,0,0,0,0,0,0,0,2339,0,0,0,0,0,0,0,0,0,0,0,0,0,0,0,0,0,0,2366,0,0,0,0,0,0,11273,0,0,0,0,0,0,0,2791,2670,0,0,0,0,7415,0,0,0,1042,0,0,0,0,0,0,779,0,0,35546
200909,2009,9,0,0,0,886,0,0,0,0,611,0,1264,0,0,0,0,0,0,0,0,0,0,0,0,527,1493,0,0,0,0,0,0,0,0,0,0,0,0,0,0,0,0,0,677,1115,0,0,0,0,0,0,6389,0,0,0,0,0,0,0,1461,2369,0,0,0,0,3831,0,0,0,0,0,0,0,0,0,0,0,0,0,20623
200910,2009,10,0,0,0,458,0,0,0,0,348,0,506,0,0,0,0,0,0,0,0,0,0,0,0,442,699,0,0,0,0,0,0,0,0,0,0,0,0,0,0,0,0,0,400,455,0,0,0,0,0,0,3764,0,0,0,0,0,0,0,980,2024,0,0,0,0,1655,0,0,0,0,0,0,0,0,0,0,0,0,0,11731
200911,2009,11,0,0,0,81,0,0,0,0,0,0,103,0,0,0,0,0,0,0,72,0,0,0,0,109,117,0,0,0,0,0,0,0,0,0,0,0,0,0,0,0,0,0,70,109,0,0,0,0,0,0,731,0,0,0,0,0,0,0,238,478,0,0,0,0,245,0,0,0,0,0,0,0,0,0,0,0,0,0,2353
200912,2009,12,0,0,0,23,0,0,0,0,0,0,69,0,0,0,0,0,0,0,0,0,0,0,0,0,39,0,0,0,0,0,0,0,0,0,0,0,0,0,61,0,0,28,0,34,0,0,0,0,0,0,319,0,0,0,0,0,0,0,71,118,0,0,0,0,170,0,0,0,78,0,0,0,0,0,0,0,0,0,1010
201001,2010,1,0,0,0,56,0,0,0,0,0,0,106,0,0,0,0,0,0,0,0,0,0,0,0,0,48,0,0,0,0,0,0,0,0,0,0,0,0,0,0,0,0,0,0,69,0,0,0,0,0,0,293,0,78,0,0,0,0,0,37,58,0,0,0,0,318,0,0,0,58,0,0,0,0,0,0,0,67,0,1188
201002,2010,2,0,0,0,44,0,0,0,0,0,0,321,0,0,0,0,0,0,0,0,0,0,0,0,0,54,0,0,0,0,0,0,0,0,0,0,0,0,0,48,0,0,0,38,80,0,0,0,0,0,0,403,0,0,0,0,0,0,0,102,85,0,0,0,0,354,0,0,0,111,0,0,0,0,0,0,0,0,0,1640
201003,2010,3,0,0,0,0,0,0,0,0,0,0,446,0,0,0,0,161,0,0,0,0,0,0,0,0,225,0,0,0,0,0,0,0,0,0,0,0,0,0,0,0,227,0,0,244,0,0,0,0,0,0,1550,0,0,0,0,0,0,0,304,189,0,0,0,0,1839,0,0,0,452,246,0,0,0,0,0,0,0,0,5883
201004,2010,4,0,0,0,0,0,0,0,0,0,0,2186,0,0,0,0,0,0,0,0,0,0,0,0,0,830,0,0,0,0,0,0,0,0,0,0,0,0,0,482,0,499,0,0,899,0,0,0,0,0,0,5814,0,0,0,0,0,0,0,990,824,0,0,0,0,5049,0,0,0,1487,527,0,0,0,0,0,0,0,0,19587
201005,2010,5,0,0,0,851,0,0,0,0,0,0,2362,0,0,0,0,0,0,0,0,0,0,0,0,0,1479,0,0,0,0,0,0,0,0,0,0,0,0,0,1051,0,0,0,679,1353,0,0,0,0,0,0,9298,0,0,0,0,0,0,0,1761,2595,0,0,0,0,5791,0,0,0,1626,0,0,0,0,0,0,0,0,0,28846
201006,2010,6,0,0,0,885,0,0,0,0,0,0,2569,0,0,0,0,0,0,0,0,0,0,0,0,0,1598,0,0,0,0,0,0,0,0,0,0,0,0,0,879,0,0,0,735,1366,0,0,0,0,0,0,11876,0,0,0,0,0,0,0,2148,3122,0,0,0,0,6962,0,0,0,1616,0,0,0,0,0,0,0,0,0,33756
201007,2010,7,0,0,0,1501,0,0,0,0,0,0,3283,0,0,0,0,0,0,0,0,0,0,0,0,0,1718,0,0,0,0,0,0,0,0,0,0,0,0,0,0,0,1032,0,0,2264,0,0,0,0,0,0,13905,0,0,0,0,0,0,0,1806,2540,0,0,0,0,10417,0,0,0,3039,0,0,0,0,0,0,961,0,0,42466
201008,2010,8,0,0,0,1668,0,0,0,0,0,0,4129,0,0,0,0,0,0,0,0,0,0,0,0,0,2470,0,0,0,0,0,0,0,0,0,0,0,0,0,0,0,2339,0,0,3013,0,0,0,0,0,0,20250,1940,0,0,0,0,0,0,2718,2734,0,0,0,0,15530,0,0,0,4743,0,0,0,0,0,0,0,0,0,61534
201009,2010,9,0,0,0,934,0,0,0,0,0,0,2831,0,0,0,0,0,0,0,0,0,0,0,0,712,1918,0,0,0,0,0,0,0,0,0,0,0,0,0,833,0,0,0,0,1769,0,0,0,0,0,0,11168,0,0,0,0,0,0,0,1705,2487,0,0,0,0,10628,0,0,0,1863,0,0,0,0,0,0,0,0,0,36848
201010,2010,10,0,0,0,636,0,0,0,0,0,0,2163,0,0,0,0,0,0,0,0,0,0,0,0,0,1006,0,0,0,0,0,0,0,0,0,0,0,0,0,652,0,514,0,0,1206,0,0,0,0,0,0,7798,0,0,0,0,0,0,0,1417,2387,0,0,0,0,7272,0,0,0,1547,0,0,0,0,0,0,0,0,0,26598
201011,2010,11,0,0,0,0,0,0,0,0,0,0,842,0,0,0,0,161,0,0,0,0,0,0,0,0,231,0,0,0,0,0,0,0,0,0,0,0,0,0,0,0,241,135,0,346,0,0,0,0,0,0,2416,0,0,0,0,0,0,0,438,600,0,0,0,0,1907,0,0,0,758,0,0,0,0,0,0,0,0,0,8075
201012,2010,12,0,0,0,0,0,0,0,0,0,0,862,0,0,0,0,224,0,0,0,0,0,0,0,0,104,0,0,0,0,0,0,0,0,0,0,0,0,0,0,0,188,111,0,209,0,0,0,0,0,0,1452,0,0,0,0,0,0,0,204,189,0,0,0,0,1681,0,0,0,743,0,0,0,0,0,0,0,0,0,5967
201101,2011,1,0,0,0,27,0,0,0,0,0,0,63,0,0,0,0,0,0,0,0,0,0,0,0,0,45,0,0,0,0,0,0,20,0,0,0,0,0,0,25,0,0,0,0,30,0,0,0,0,0,0,183,0,0,0,0,0,0,0,27,67,0,0,0,0,136,0,0,0,21,0,0,0,0,0,0,0,0,0,644
201102,2011,2,0,0,0,0,0,0,0,0,0,0,112,0,0,0,0,0,0,0,0,0,0,0,0,0,51,0,0,0,0,0,0,0,0,0,0,0,0,0,25,0,0,0,25,52,0,0,0,0,0,0,240,0,0,0,29,0,0,0,38,70,0,0,0,0,152,0,0,0,26,0,0,0,0,0,0,0,0,0,820
201103,2011,3,0,0,0,0,0,0,0,0,0,0,288,0,0,0,0,0,0,0,0,0,0,0,0,0,143,0,0,0,0,0,0,0,0,0,0,0,0,0,125,0,215,0,0,142,0,0,0,0,0,0,787,0,0,0,287,0,0,0,90,131,0,0,0,0,719,0,0,0,96,0,0,0,0,0,0,0,0,0,3023
201104,2011,4,0,0,0,382,0,0,0,0,0,0,839,0,0,0,0,0,0,0,0,0,0,0,0,0,696,0,0,0,0,0,0,0,0,0,0,0,0,0,638,0,0,0,0,604,0,0,0,0,0,0,4045,0,0,0,0,0,0,0,551,758,0,0,0,0,4396,0,0,0,762,483,0,0,0,0,0,0,0,0,14154
201105,2011,5,0,0,0,662,0,0,0,0,0,0,901,0,0,0,0,0,0,0,0,0,0,0,0,0,1269,0,0,0,0,0,0,0,0,0,0,0,0,0,1007,0,0,0,718,714,0,0,0,0,0,0,6894,0,0,0,0,0,0,0,984,2618,0,0,0,0,3400,0,0,0,638,0,0,0,0,0,0,0,0,0,19805
201106,2011,6,0,0,0,769,0,0,0,0,0,0,948,0,0,0,0,0,0,0,0,0,0,0,0,0,1553,0,0,0,0,0,0,0,0,0,0,0,0,0,1288,0,0,0,753,828,0,0,0,0,0,0,9008,0,0,0,0,0,0,0,1402,3805,0,0,0,0,4065,0,0,0,820,0,0,0,0,0,0,0,0,0,25239
201107,2011,7,0,0,0,1444,0,0,0,0,0,0,1866,0,0,0,0,0,0,0,0,0,0,0,0,0,1644,0,0,0,0,0,0,0,0,0,0,0,0,0,726,0,0,667,0,1574,0,0,0,0,0,0,10588,0,0,0,0,0,0,0,1568,2538,0,0,0,0,6900,0,0,0,1327,0,0,0,0,0,0,0,0,0,30842
201108,2011,8,0,0,0,1194,0,0,0,0,916,0,2492,0,0,0,0,0,0,0,0,0,0,0,0,0,2375,0,0,0,0,0,0,0,0,0,0,0,0,0,0,0,0,944,0,2094,0,0,0,0,0,0,13710,0,0,0,0,0,0,0,2333,3166,0,0,0,0,10248,0,0,0,2017,0,0,0,0,0,0,0,0,0,41489
201109,2011,9,0,0,0,855,0,0,0,0,0,0,1390,0,0,0,0,0,0,0,0,0,0,0,0,0,1901,0,0,0,0,0,0,0,0,0,0,0,0,0,1095,0,0,0,675,1267,0,0,0,0,0,0,8512,0,0,0,0,0,0,0,1292,2711,0,0,0,0,5220,0,0,0,1105,0,0,0,0,0,0,0,0,0,26023
201110,2011,10,0,0,0,431,0,0,0,0,0,0,981,0,0,0,0,0,0,0,0,0,0,0,0,450,798,0,0,0,0,0,0,0,0,0,0,0,0,0,661,0,0,0,0,585,0,0,0,0,0,0,5135,0,0,0,0,0,0,0,829,2762,0,0,0,0,2958,0,0,0,653,0,0,0,0,0,0,0,0,0,16243
201111,2011,11,0,0,0,82,0,0,0,0,0,0,185,0,0,0,0,0,0,0,0,0,0,0,0,79,142,0,0,0,0,0,0,0,0,0,0,0,0,0,0,0,0,0,90,180,0,0,0,0,0,0,1198,0,0,0,0,0,0,0,159,631,0,0,0,0,688,0,0,0,157,0,0,0,0,0,0,0,0,0,3591
201112,2011,12,0,0,0,0,0,0,0,0,0,0,103,0,0,0,0,0,0,0,0,0,0,0,0,0,45,0,0,0,0,0,0,0,0,0,0,0,0,0,39,0,0,0,38,72,0,0,0,0,0,0,551,0,0,0,41,0,0,0,76,157,0,0,0,0,279,0,0,0,97,0,0,0,0,0,0,0,0,0,1498
201201,2012,1,0,0,0,29,0,0,0,0,0,0,64,0,0,0,0,0,0,0,0,0,0,0,0,0,82,0,0,0,0,0,0,0,0,0,0,0,0,0,34,0,0,49,0,50,0,0,0,0,0,0,230,0,0,0,0,0,0,0,30,76,0,0,0,0,196,0,0,0,32,0,0,0,0,0,0,0,0,0,872
201202,2012,2,0,0,0,0,0,0,0,0,0,0,200,0,0,0,0,0,0,0,0,0,0,0,0,0,42,0,0,0,0,0,0,0,0,0,0,0,0,0,67,0,0,30,0,32,0,0,0,0,0,0,309,0,0,0,0,0,0,0,55,97,0,0,0,0,323,0,0,0,80,70,0,0,0,0,0,0,0,0,1305
201203,2012,3,0,0,0,0,0,0,0,0,0,0,132,0,0,0,0,0,0,0,0,0,0,0,0,0,147,0,0,0,0,0,0,0,0,0,0,0,0,0,172,0,0,0,67,128,0,0,0,0,0,0,1017,0,0,0,0,0,0,0,113,223,0,0,0,0,978,0,0,0,163,120,0,0,0,0,0,0,0,0,3260
201204,2012,4,0,0,0,0,0,0,0,0,0,0,793,0,0,0,0,0,0,0,0,0,0,0,0,0,670,0,0,0,0,0,0,0,0,0,0,0,0,0,962,0,0,0,0,583,0,0,0,0,0,0,4850,0,0,0,346,0,0,0,583,943,0,0,0,0,3936,0,0,0,602,481,0,0,0,0,0,0,0,0,14749
201205,2012,5,0,0,0,0,0,0,0,0,0,0,912,0,0,0,0,0,0,0,0,0,0,0,0,606,1297,0,0,0,0,0,0,0,0,0,0,0,0,0,1247,0,0,0,676,688,0,0,0,0,0,0,7479,0,0,0,0,0,0,0,1053,3054,0,0,0,0,4058,0,0,0,706,0,0,0,0,0,0,0,0,0,21776
201206,2012,6,0,0,0,633,0,0,0,0,0,0,1008,0,0,0,0,0,0,0,0,0,0,0,0,0,1528,0,0,0,0,0,0,0,0,0,0,0,0,0,1065,0,0,0,735,869,0,0,0,0,0,0,9079,0,0,0,0,0,0,0,1393,3870,0,0,0,0,4362,0,0,0,975,0,0,0,0,0,0,0,0,0,25517
201207,2012,7,0,0,0,1523,0,0,0,0,0,0,2074,0,0,0,0,0,0,0,0,0,0,0,0,0,1522,0,0,0,0,0,0,0,0,0,0,0,0,0,867,0,0,645,0,1390,0,0,0,0,0,0,11971,0,0,0,0,0,0,0,1176,2818,0,0,0,0,7160,0,0,0,1672,0,0,0,0,0,0,0,0,0,32818
201208,2012,8,0,0,0,1048,0,0,0,0,0,0,2367,0,0,0,0,1058,0,0,0,0,0,0,0,0,2229,0,0,0,0,0,0,0,0,0,0,0,0,0,1067,0,0,0,0,2012,0,0,0,0,0,0,14372,0,0,0,0,0,0,0,1816,3473,0,0,0,0,9474,0,0,0,2180,0,0,0,0,0,0,0,0,0,41096
201209,2012,9,0,0,0,838,0,0,0,0,0,0,1537,0,0,0,0,0,0,0,0,0,0,0,0,0,1767,0,0,0,0,0,0,0,0,0,0,0,0,0,1093,0,0,676,0,1214,0,0,0,0,0,0,8929,0,0,0,0,0,0,0,1146,2883,0,0,0,0,6074,0,0,0,1164,0,0,0,0,0,0,0,0,0,27321
201210,2012,10,0,0,0,486,0,0,0,0,0,0,888,0,0,0,0,0,0,0,0,0,0,0,0,0,908,0,0,0,0,0,0,0,0,0,0,0,0,0,887,0,0,0,537,592,0,0,0,0,0,0,5353,0,0,0,0,0,0,0,813,3654,0,0,0,0,3359,0,0,0,614,0,0,0,0,0,0,0,0,0,18091
201211,2012,11,0,0,0,0,0,0,0,0,0,0,221,0,0,0,0,0,0,0,0,0,0,0,0,113,168,0,0,0,0,0,0,0,0,0,0,0,0,0,131,0,0,0,100,150,0,0,0,0,0,0,1416,0,0,0,0,0,0,0,201,896,0,0,0,0,597,0,0,0,177,0,0,0,0,0,0,0,0,0,4170
201212,2012,12,0,0,0,0,0,0,0,0,0,0,117,0,0,0,0,55,0,0,0,0,0,0,0,0,45,0,0,0,0,0,0,0,0,0,0,0,0,0,48,0,0,0,0,57,0,0,0,0,0,0,534,0,0,0,0,0,0,0,88,221,0,0,0,0,214,0,0,0,70,34,0,0,0,0,0,0,0,0,1483
201301,2013,1,0,0,0,0,0,0,0,0,0,0,39,0,0,0,0,0,0,0,0,0,24,0,0,0,47,0,0,0,0,0,0,0,0,0,0,0,0,0,34,0,0,0,31,28,0,0,0,0,0,0,248,0,0,0,0,0,0,0,31,120,0,0,0,0,159,0,0,0,45,0,0,0,0,0,0,0,0,0,806
201302,2013,2,0,0,0,0,0,0,0,0,0,0,67,0,0,0,0,0,0,0,0,0,0,0,0,0,48,0,0,0,0,0,0,0,0,0,0,0,0,0,63,0,51,0,0,33,0,0,0,0,0,0,331,0,0,0,0,0,0,0,50,119,0,0,0,0,478,0,0,0,96,46,0,0,0,0,0,0,0,0,1382
201303,2013,3,0,0,0,0,0,0,0,0,0,0,426,0,0,0,0,304,0,0,0,0,0,0,0,0,187,0,0,0,0,0,0,0,0,0,0,0,0,0,261,0,0,0,0,268,0,0,0,0,0,0,1723,0,0,0,0,0,0,0,215,272,0,0,0,0,2625,0,0,0,578,369,0,0,0,0,0,0,0,0,7228
201304,2013,4,0,0,0,0,0,0,0,0,0,0,500,0,0,0,0,0,0,0,0,0,0,0,0,0,565,0,0,0,0,0,0,0,0,0,0,0,0,0,827,0,0,0,284,418,0,0,0,0,0,0,3560,0,0,0,0,0,0,0,413,1033,0,0,0,0,3270,0,0,0,346,316,0,0,0,0,0,0,0,0,11532
201305,2013,5,0,0,0,744,0,0,0,0,0,0,972,0,0,0,0,0,0,0,0,0,0,0,0,706,1374,0,0,0,0,0,0,0,0,0,0,0,0,0,1521,0,0,0,0,841,0,0,0,0,0,0,8259,0,0,0,0,0,0,0,1020,3824,0,0,0,0,5195,0,0,0,749,0,0,0,0,0,0,0,0,0,25205
201306,2013,6,0,0,0,741,0,0,0,0,0,0,1247,0,0,0,0,0,0,0,0,0,0,0,0,0,1546,0,0,0,0,0,0,0,0,0,0,0,0,0,1360,0,0,0,662,862,0,0,0,0,0,0,10046,0,0,0,0,0,0,0,1461,4881,0,0,0,0,5627,0,0,0,941,0,0,0,0,0,0,0,0,0,29374
201307,2013,7,0,0,0,1566,0,0,0,0,0,0,2102,0,0,0,0,0,0,0,0,0,0,0,0,0,1590,0,0,0,0,0,0,0,0,0,0,0,0,0,1150,0,0,0,0,1470,0,0,0,0,0,0,12208,0,0,0,0,0,0,0,1158,3681,0,0,0,0,8855,0,0,0,1959,820,0,0,0,0,0,0,0,0,36559
201308,2013,8,0,0,0,0,0,0,0,0,0,0,2735,0,0,0,0,1160,0,0,0,0,0,0,0,0,2299,0,0,0,0,0,0,0,0,0,0,0,0,0,1294,0,0,1160,0,2222,0,0,0,0,0,0,15476,0,0,0,0,0,0,0,1645,3686,0,0,0,0,12557,0,0,0,2492,0,0,0,0,0,0,0,0,0,46726
201309,2013,9,0,0,0,880,0,0,0,0,0,0,1487,0,0,0,0,0,0,0,0,0,0,0,0,0,1896,0,0,0,0,0,0,0,0,0,0,0,0,0,1388,0,0,719,0,1387,0,0,0,0,0,0,9384,0,0,0,0,0,0,0,1143,3315,0,0,0,0,7845,0,0,0,1450,0,0,0,0,0,0,0,0,0,30894
201310,2013,10,0,0,0,0,0,0,0,0,0,0,797,0,0,0,0,0,0,0,0,0,0,0,0,460,916,0,0,0,0,0,0,0,0,0,0,0,0,0,791,0,0,0,511,585,0,0,0,0,0,0,5590,0,0,0,0,0,0,0,824,4396,0,0,0,0,4175,0,0,0,562,0,0,0,0,0,0,0,0,0,19607
201311,2013,11,0,0,0,0,0,0,0,0,0,0,222,0,0,0,0,0,0,0,0,0,0,0,0,0,225,0,0,0,0,0,0,0,0,0,0,0,0,0,121,0,175,0,121,190,0,0,0,0,0,0,1538,0,0,0,0,0,0,0,176,1010,0,0,0,0,1027,0,0,0,102,0,0,0,0,0,0,0,0,0,4907
201312,2013,12,0,0,0,0,0,0,0,0,0,0,130,0,0,0,0,0,0,0,0,0,0,0,0,0,49,0,0,0,44,0,0,0,0,0,0,0,0,0,49,0,0,0,0,61,0,0,0,0,0,0,577,0,0,0,0,0,0,0,132,233,0,0,0,0,250,59,0,0,75,0,0,0,0,0,0,0,0,0,1659
201401,2014,1,0,0,0,0,0,0,0,0,0,0,39,0,0,0,0,32,0,0,0,0,0,0,0,0,50,0,0,0,0,0,0,0,0,0,0,0,0,0,51,0,0,0,24,31,0,0,0,0,0,0,260,0,0,0,0,0,0,0,34,127,0,0,0,0,212,0,0,0,46,0,0,0,0,0,0,0,0,0,906
201402,2014,2,0,0,0,0,0,0,0,0,0,0,0,0,0,0,0,0,0,0,0,0,0,0,0,0,41,0,0,0,0,0,0,0,0,0,0,0,0,0,30,0,0,0,35,39,0,0,0,0,0,0,265,0,0,0,0,0,0,0,53,128,0,0,0,0,269,41,0,0,32,37,0,0,0,0,0,0,0,0,970
201403,2014,3,0,0,0,0,0,0,0,0,0,0,103,0,0,0,0,121,0,0,0,0,0,0,0,0,172,0,0,0,0,0,0,0,0,0,0,0,107,0,252,0,0,0,0,127,0,0,0,0,0,0,1011,0,0,0,0,0,0,0,81,219,0,0,0,0,845,0,0,0,112,0,0,0,0,0,0,0,0,0,3150
201404,2014,4,0,0,0,0,0,0,0,0,0,0,841,0,0,0,0,497,0,0,0,0,0,0,0,0,675,0,0,0,0,0,0,0,0,0,0,0,0,0,1000,0,0,0,0,499,0,0,0,0,0,0,5031,0,0,0,0,0,0,0,473,1288,0,0,0,0,5457,0,0,0,956,630,0,0,0,0,0,0,0,0,17347
201405,2014,5,0,0,0,0,0,0,0,0,0,0,1014,0,0,0,0,0,0,0,0,0,0,0,0,674,1444,0,0,0,0,0,0,0,0,0,0,0,0,0,1778,0,0,0,686,848,0,0,0,0,0,0,8975,0,0,0,0,0,0,0,1012,3944,0,0,0,0,6007,0,0,0,972,0,0,0,0,0,0,0,0,0,27354
201406,2014,6,0,0,0,797,0,0,0,0,0,0,1136,0,0,0,0,800,0,0,0,0,0,0,0,0,1724,0,0,0,0,0,0,0,0,0,0,0,0,0,1491,0,0,0,0,908,0,0,0,0,0,0,11251,0,0,0,0,0,0,0,1391,5400,0,0,0,0,6790,0,0,0,1333,0,0,0,0,0,0,0,0,0,33021
201407,2014,7,0,0,0,1390,0,0,0,0,0,0,1985,0,0,0,0,1421,0,0,0,0,0,0,0,0,1599,0,0,0,0,0,0,0,0,0,0,0,0,0,1378,0,0,0,0,1512,0,0,0,0,0,0,12960,0,0,0,0,0,0,0,1107,3982,0,0,0,0,10011,0,0,0,2236,0,0,0,0,0,0,0,0,0,39581
201408,2014,8,0,0,0,0,0,0,0,0,0,0,2764,0,0,0,0,1888,0,0,0,0,0,0,0,0,2616,0,0,0,0,0,0,0,0,0,0,0,0,0,1438,0,0,1276,0,2060,0,0,0,0,0,0,16586,0,0,0,0,0,0,0,1632,3965,0,0,0,0,13792,0,0,0,3201,0,0,0,0,0,0,0,0,0,51218
201409,2014,9,0,0,0,918,0,0,0,0,0,0,1328,0,0,0,0,898,0,0,0,0,0,0,0,0,1931,0,0,0,0,0,0,0,0,0,0,0,0,0,1911,0,0,0,0,1140,0,0,0,0,0,0,10897,0,0,0,0,0,0,0,1064,3850,0,0,0,0,8850,0,0,0,1670,0,0,0,0,0,0,0,0,0,34457
201410,2014,10,0,0,0,0,0,0,0,0,0,0,737,0,0,0,0,0,0,0,0,0,0,0,0,508,901,0,0,0,0,0,0,0,0,0,0,0,0,0,1048,0,0,0,0,641,0,0,0,0,0,0,7170,528,0,0,0,0,0,0,723,4955,0,0,0,0,5250,0,0,0,744,0,0,0,0,0,0,0,0,0,23205
201411,2014,11,0,0,0,0,0,0,0,0,0,0,208,0,0,0,0,116,0,0,0,0,0,0,0,0,190,0,0,0,0,0,0,0,0,0,0,0,0,0,170,0,0,0,154,112,0,0,0,0,0,0,1530,0,0,0,0,0,0,0,184,1229,0,0,0,0,750,0,0,0,160,0,0,0,0,0,0,0,0,0,4803
201412,2014,12,0,0,0,0,0,0,0,0,0,0,76,0,0,0,0,89,0,0,0,0,0,0,0,0,67,0,0,0,0,0,0,0,0,0,0,0,0,0,89,0,0,0,0,62,0,0,0,0,0,0,636,0,0,0,0,0,0,0,94,260,0,0,0,0,328,0,0,0,114,55,0,0,0,0,0,0,0,0,1870
201501,2015,1,0,0,0,0,0,0,0,0,0,0,102,0,0,0,0,50,0,0,0,0,0,0,0,0,72,0,0,0,0,0,0,0,0,0,0,0,0,0,72,0,0,0,46,41,0,0,0,0,0,0,321,0,0,0,0,0,0,0,31,186,0,0,0,0,234,0,0,0,62,0,0,0,0,0,0,0,0,0,1217
201502,2015,2,0,0,0,0,0,0,0,0,0,0,96,0,0,0,0,0,0,0,0,0,0,0,0,0,48,0,0,0,0,0,0,0,0,0,0,0,0,0,63,0,0,0,52,63,0,0,0,0,0,0,337,0,0,0,0,0,0,0,0,176,0,0,0,0,528,0,0,48,65,68,0,0,0,0,0,0,0,0,1544
201503,2015,3,0,0,0,0,0,0,0,0,0,0,293,0,0,0,0,137,0,0,0,0,0,0,0,0,161,0,0,0,0,0,0,0,0,0,0,0,0,0,265,0,0,0,0,162,0,0,0,0,0,0,1367,0,0,0,0,0,0,0,148,290,0,0,0,0,1905,0,0,0,186,166,0,0,0,0,0,0,0,0,5080
201504,2015,4,0,0,0,0,0,0,0,0,0,0,863,0,0,0,0,661,0,0,0,0,0,0,0,0,647,0,0,0,0,0,0,0,0,0,0,0,0,0,941,0,0,0,0,544,0,0,0,0,0,0,4988,0,0,0,0,0,0,0,436,1296,0,0,0,0,5547,0,0,0,1196,602,0,0,0,0,0,0,0,0,17721
201505,2015,5,0,0,0,752,0,0,0,0,0,0,1001,0,0,0,0,761,0,0,0,0,0,0,0,0,1578,0,0,0,0,0,0,0,0,0,0,0,0,0,2363,0,0,0,0,897,0,0,0,0,0,0,10320,0,0,0,0,0,0,0,959,4401,0,0,0,0,6886,0,0,0,1158,0,0,0,0,0,0,0,0,0,31076
201506,2015,6,0,0,0,0,0,0,0,0,0,0,1319,0,0,0,0,1052,0,0,0,0,0,0,0,0,1634,0,0,0,0,0,0,0,0,0,0,0,0,0,1735,0,0,995,0,1078,0,0,0,0,0,0,11390,0,0,0,0,0,0,0,1207,5812,0,0,0,0,8397,0,0,0,1304,0,0,0,0,0,0,0,0,0,35923
201507,2015,7,0,0,0,1451,0,0,0,0,0,0,1962,0,0,0,0,1783,0,0,0,0,0,0,0,0,1604,0,0,0,0,0,0,0,0,0,0,0,0,0,1624,0,0,1058,0,1637,0,0,0,0,0,0,15001,0,0,0,0,0,0,0,0,4034,0,0,0,0,11462,0,0,0,3178,0,0,0,0,0,0,0,0,0,44794
201508,2015,8,0,0,0,0,0,0,0,0,0,0,2236,0,0,0,0,2130,0,0,0,0,0,0,0,0,2422,0,0,0,0,0,0,0,0,0,0,0,0,0,2050,0,0,1646,0,1953,0,0,0,0,0,0,17886,0,0,0,0,0,0,0,1505,3901,0,0,0,0,15266,0,0,0,3799,0,0,0,0,0,0,0,0,0,54794
201509,2015,9,0,0,0,0,0,0,0,0,0,0,1469,0,0,0,0,1246,0,0,0,0,0,0,0,0,1993,0,0,0,0,0,0,0,0,0,0,0,0,0,2454,0,0,1116,0,1196,0,0,0,0,0,0,11403,0,0,0,0,0,0,0,1072,3823,0,0,0,0,9864,0,0,0,1793,0,0,0,0,0,0,0,0,0,37429
201510,2015,10,0,0,0,0,0,0,0,0,0,0,728,0,0,0,0,577,0,0,0,0,0,0,0,0,1075,0,0,0,0,0,0,0,0,0,0,0,0,0,1327,0,0,0,562,650,0,0,0,0,0,0,7635,0,0,0,0,0,0,0,750,5458,0,0,0,0,5986,0,0,0,828,0,0,0,0,0,0,0,0,0,25576
201511,2015,11,0,0,0,0,0,0,0,0,0,0,224,0,0,0,0,164,0,0,0,0,0,0,0,0,177,0,0,0,0,0,0,0,0,0,0,0,0,0,208,0,0,0,158,128,0,0,0,0,0,0,1578,0,0,0,0,0,0,0,201,1386,0,0,0,0,860,0,0,0,144,0,0,0,0,0,0,0,0,0,5228
201512,2015,12,0,0,0,0,0,0,0,0,0,0,57,0,0,0,0,104,0,0,0,0,0,0,0,0,84,0,0,0,0,0,0,0,0,0,0,0,0,0,96,0,0,0,0,53,0,0,0,0,0,0,688,0,0,0,0,0,0,0,65,292,0,0,0,0,472,0,0,0,86,65,0,0,0,0,0,0,0,0,2062
201601,2016,1,0,0,0,44,0,0,0,0,0,0,57,0,0,0,0,58,0,0,0,0,0,0,0,0,75,0,0,0,0,0,0,0,0,0,0,0,0,0,66,0,0,0,44,44,0,0,0,0,0,0,406,0,0,0,0,0,0,0,0,167,0,0,0,0,282,0,0,0,61,0,0,0,0,0,0,0,0,0,1304
201602,2016,2,0,0,0,0,0,0,0,0,0,0,113,0,0,0,0,115,0,0,0,0,0,0,0,0,89,0,0,0,0,0,0,0,0,0,0,0,0,0,104,0,0,0,70,53,0,0,0,0,0,0,375,0,0,0,0,0,0,0,48,184,0,0,0,0,505,0,0,0,77,0,0,0,0,0,0,0,0,0,1733
201603,2016,3,0,0,0,0,0,0,0,0,0,0,501,0,0,0,0,505,0,0,0,0,0,0,0,0,301,0,0,0,0,0,0,0,0,0,0,0,0,0,567,0,0,0,0,360,0,0,0,0,0,0,2797,0,0,0,0,0,0,0,254,460,0,0,0,0,4276,0,0,0,645,401,0,0,0,0,0,0,0,0,11067
201604,2016,4,0,0,0,0,0,0,0,0,0,0,451,0,0,0,0,463,0,0,0,0,0,0,0,0,682,0,0,0,0,0,0,0,0,0,0,0,0,0,1298,0,0,0,0,340,0,0,0,0,0,0,4578,0,0,0,0,0,0,0,319,1477,0,0,0,0,4396,0,0,0,594,502,0,0,0,0,0,0,0,0,15100
201605,2016,5,0,0,0,0,0,0,0,0,0,0,874,0,0,0,0,975,0,0,0,0,0,0,0,0,1666,0,0,0,0,0,0,0,0,0,0,0,0,0,2843,0,0,0,0,899,0,0,0,0,0,0,10358,0,0,0,0,0,0,0,924,5156,0,0,0,0,7197,0,0,0,1122,762,0,0,0,0,0,0,0,0,32776
201606,2016,6,0,0,0,0,0,0,0,0,0,0,1311,0,0,0,0,1167,0,0,0,0,0,0,0,0,1770,0,0,0,0,0,0,0,0,0,0,0,0,0,2420,0,0,1045,0,1017,0,0,0,0,0,0,12470,0,0,0,0,0,0,0,1034,6244,0,0,0,0,8994,0,0,0,1598,0,0,0,0,0,0,0,0,0,39070
201607,2016,7,0,0,0,1294,0,0,0,0,0,0,2146,0,0,0,0,1836,0,0,0,0,0,0,0,0,1750,0,0,0,0,0,0,0,0,0,0,0,0,0,2180,0,0,1153,0,1404,0,0,0,0,0,0,14468,0,0,0,0,0,0,0,0,4177,0,0,0,0,11955,0,0,0,3108,0,0,0,0,0,0,0,0,0,45471
201608,2016,8,0,0,0,0,0,0,0,0,0,0,2095,0,0,0,0,2176,0,0,0,0,0,0,0,0,2310,0,0,0,0,0,0,0,0,0,0,0,0,0,2465,0,0,1757,0,1800,0,0,0,0,0,0,16653,0,0,0,0,0,0,0,0,3942,0,0,0,0,14938,0,0,0,4026,1542,0,0,0,0,0,0,0,0,53704
201609,2016,9,0,0,0,0,0,0,0,0,0,0,1297,0,0,0,0,1233,0,0,0,0,0,0,0,0,1936,0,0,0,0,0,0,0,0,0,0,0,0,0,3252,0,0,1109,0,1237,0,0,0,0,0,0,11666,0,0,0,0,0,0,0,864,4154,0,0,0,0,10900,0,0,0,2501,0,0,0,0,0,0,0,0,0,40149
201610,2016,10,0,0,0,0,0,0,0,0,0,0,717,0,0,0,0,668,0,0,0,0,0,0,0,0,1125,0,0,0,0,0,0,0,0,0,0,0,0,0,2052,0,0,682,0,815,0,0,0,0,0,0,8273,0,0,0,0,0,0,0,671,5819,0,0,0,0,6377,0,0,0,1023,0,0,0,0,0,0,0,0,0,28222
201611,2016,11,0,0,0,0,0,0,0,0,0,0,196,0,0,0,0,173,0,0,0,0,0,0,0,0,263,0,0,0,0,0,0,0,0,0,0,0,0,0,367,0,0,177,167,0,0,0,0,0,0,0,1847,0,0,0,0,0,0,0,167,1518,0,0,0,0,1245,0,0,0,274,0,0,0,0,0,0,0,0,0,6394
201612,2016,12,0,0,0,0,0,0,0,0,0,0,98,0,0,0,0,109,0,0,0,0,0,0,0,0,0,0,0,0,0,0,0,0,0,0,0,0,0,0,112,0,132,0,0,93,0,0,0,0,0,0,899,0,0,0,0,0,0,0,139,358,0,0,0,0,701,0,0,0,129,94,0,0,0,0,0,0,0,0,2864
201701,2017,1,0,0,0,0,0,0,0,0,0,0,42,0,0,0,0,60,0,0,0,0,0,0,0,0,76,0,0,0,0,0,0,0,0,0,0,0,0,0,102,0,0,0,48,49,0,0,0,0,0,0,380,0,0,0,0,0,0,0,0,183,0,0,0,0,277,0,0,0,92,45,0,0,0,0,0,0,0,0,1354
201702,2017,2,0,0,0,0,0,0,0,0,0,0,0,0,0,0,0,46,0,0,0,0,0,0,0,0,73,0,0,0,0,0,0,0,0,0,0,0,0,0,128,0,0,39,49,50,0,0,0,0,0,0,465,0,0,0,0,0,0,0,0,233,0,0,0,0,494,0,0,0,80,39,0,0,0,0,0,0,0,0,1696
201703,2017,3,0,0,0,0,0,0,0,0,0,0,249,0,0,0,0,143,0,0,0,0,0,0,0,0,182,0,0,0,0,0,0,0,0,0,0,0,0,0,603,0,0,0,91,149,0,0,0,0,0,0,1304,0,0,0,0,0,0,0,0,293,0,0,0,0,1559,0,0,0,388,215,0,0,0,0,0,0,0,0,5176
201704,2017,4,0,0,0,0,0,0,0,0,0,0,1058,0,0,0,0,1038,0,0,0,0,0,0,0,0,783,0,0,0,0,0,0,0,0,0,0,0,0,0,2197,0,0,0,0,639,0,0,0,0,0,0,7200,0,0,0,0,0,0,0,557,1602,0,0,0,0,9077,0,0,0,1648,1126,0,0,0,0,0,0,0,0,26925
201705,2017,5,0,0,0,0,0,0,0,0,0,0,984,0,0,0,0,1087,0,0,0,0,0,0,0,0,1668,0,0,0,0,0,0,0,0,0,0,0,0,0,3708,0,0,940,0,758,0,0,0,0,0,0,10956,0,0,0,0,0,0,0,775,5200,0,0,0,0,7860,0,0,0,1411,0,0,0,0,0,0,0,0,0,35347
201706,2017,6,0,0,0,0,0,0,0,0,0,0,1173,0,0,0,0,1275,0,0,0,0,0,0,0,0,1702,0,0,0,0,0,0,0,0,0,0,0,0,0,3255,0,0,1202,0,961,0,0,0,0,0,0,12397,0,0,0,0,0,0,0,876,6097,0,0,0,0,10685,0,0,0,1996,0,0,0,0,0,0,0,0,0,41619
201707,2017,7,0,0,0,1183,0,0,0,0,0,0,1744,0,0,0,0,1936,0,0,0,0,0,0,0,0,1512,0,0,0,0,0,0,0,0,0,0,0,0,0,2490,0,0,1258,0,1405,0,0,0,0,0,0,15963,0,0,0,0,0,0,0,0,4160,0,0,0,0,11898,0,0,0,3921,0,0,0,0,0,0,0,0,0,47470
201708,2017,8,0,0,0,0,0,0,0,0,0,0,2071,0,0,0,0,2503,0,0,0,0,0,0,0,0,2296,0,0,0,0,0,0,0,0,0,0,0,0,0,2957,0,0,1760,0,1663,0,0,0,0,0,0,17009,0,0,0,0,0,0,0,0,3919,0,0,0,0,16133,0,0,0,6191,1178,0,0,0,0,0,0,0,0,57680
201709,2017,9,0,0,0,0,0,0,0,0,0,0,1393,0,0,0,0,1404,0,0,0,0,0,0,0,0,1940,0,0,0,0,0,0,0,0,0,0,0,0,0,3573,0,0,1273,0,1064,0,0,0,0,0,0,12083,0,0,0,0,0,0,0,0,3796,0,0,0,0,12215,0,0,0,2524,924,0,0,0,0,0,0,0,0,42189
201710,2017,10,0,0,0,0,0,0,0,0,0,0,981,0,0,0,0,1025,0,0,0,0,0,0,0,0,1066,0,0,0,0,0,0,0,0,0,0,0,0,0,2572,0,0,696,0,715,0,0,0,0,0,0,8961,0,0,0,0,0,0,0,732,5846,0,0,0,0,7462,0,0,0,1285,0,0,0,0,0,0,0,0,0,31341
201711,2017,11,0,0,0,0,0,0,0,0,0,0,261,0,0,0,0,196,0,0,0,0,0,168,0,0,253,0,0,0,0,0,0,0,0,0,0,0,0,0,569,0,0,191,0,0,0,0,0,0,0,0,2298,0,0,0,0,0,0,0,238,1518,0,0,0,0,1319,0,0,0,335,0,0,0,0,0,0,0,0,0,7346
201712,2017,12,0,0,0,0,0,0,0,0,0,0,142,0,0,0,0,109,0,0,0,0,0,0,0,0,63,0,0,0,0,0,0,0,0,0,0,0,0,0,181,0,0,0,57,0,0,0,0,0,0,0,834,0,0,0,0,0,0,0,84,330,0,0,0,0,739,0,0,0,268,86,0,0,0,0,0,0,0,0,2893
201801,2018,1,0,0,0,21,0,0,0,0,28,0,74,0,0,0,0,75,0,0,0,0,0,0,0,0,79,19,0,0,25,0,0,0,0,0,0,0,0,0,121,16,16,76,54,54,0,0,0,0,0,0,223,0,0,0,0,0,0,0,31,201,0,0,0,0,383,13,0,0,66,36,0,0,0,0,0,16,0,0,1627
201802,2018,2,0,0,0,30,0,0,0,0,0,0,75,0,0,0,0,73,0,0,0,0,0,0,0,0,53,25,0,0,38,0,0,0,0,0,0,0,0,0,197,0,30,31,49,46,0,31,0,0,0,0,324,0,0,0,42,0,0,0,37,180,0,0,0,0,528,22,0,0,152,190,0,0,0,28,0,0,0,0,2181
201803,2018,3,0,0,0,83,0,0,0,0,0,0,443,0,0,0,0,371,0,0,0,0,0,0,0,0,197,0,0,0,126,0,0,0,0,0,0,0,0,0,853,91,219,136,81,185,0,0,0,79,0,0,1313,0,0,0,0,0,0,0,151,362,0,0,0,0,4476,0,0,79,981,481,0,0,0,0,243,0,106,0,11056
201804,2018,4,0,0,0,287,0,0,0,0,0,0,444,0,0,0,0,913,0,0,0,0,0,198,0,0,696,0,0,0,275,0,0,0,0,0,0,0,0,0,2757,361,263,428,232,420,0,191,0,0,0,0,3460,0,0,0,0,0,0,0,317,1508,0,0,0,0,6613,218,0,245,1251,991,0,0,0,0,0,0,0,0,22068
201805,2018,5,0,0,0,0,0,0,0,0,0,0,0,0,0,0,0,0,0,0,0,0,0,0,0,0,1606,0,0,0,0,0,0,0,0,0,0,0,0,0,4602,0,0,0,0,0,0,0,0,0,0,0,17504,0,0,0,0,0,0,0,0,5535,0,0,0,0,9633,0,0,0,1785,0,0,0,0,0,0,0,0,0,40665
201806,2018,6,0,0,0,530,0,0,0,0,462,0,1243,0,0,0,0,1561,0,0,0,0,0,918,0,574,1663,407,0,0,433,0,0,0,0,0,0,0,0,0,3562,781,433,1318,572,921,0,0,0,0,0,0,8099,0,0,0,0,0,0,0,881,6042,0,0,0,0,11793,0,0,0,2587,905,0,0,0,0,0,0,0,0,45685
201807,2018,7,0,0,0,1358,0,0,0,0,466,0,1578,0,0,0,0,2742,0,0,0,0,0,860,0,0,1369,0,0,0,879,0,0,0,0,0,0,0,0,0,3057,820,906,1321,0,1148,0,0,0,486,0,0,9807,0,0,0,0,0,0,456,710,3912,0,0,0,0,12898,0,0,0,4035,1410,0,0,0,0,0,649,0,0,50867
201808,2018,8,0,0,0,764,0,0,0,0,0,0,1816,0,0,0,0,2876,0,0,0,0,0,1067,0,0,1989,0,0,0,992,0,0,0,0,0,0,0,0,0,3015,927,848,1907,0,1699,0,0,0,0,0,0,10348,525,0,0,0,0,0,0,1026,3700,0,0,0,0,18274,0,0,745,5308,1566,0,0,0,0,516,507,0,0,60415
201809,2018,9,0,0,0,728,0,480,0,0,471,0,1219,0,0,0,0,1727,0,0,0,0,0,820,0,526,1868,0,0,0,537,0,0,0,0,0,0,0,0,0,4526,1286,442,1371,479,1007,0,0,0,0,0,0,7417,0,0,0,0,0,0,0,728,3602,0,0,0,0,13293,0,0,0,3221,1258,0,0,0,0,0,0,0,0,47006
201810,2018,10,0,0,0,407,0,0,0,0,330,0,887,0,0,0,0,1212,0,0,0,0,0,671,0,384,1121,364,0,0,290,0,0,0,0,0,0,0,0,0,3340,937,0,866,469,665,0,0,0,0,0,0,5972,0,0,0,283,0,0,0,706,5891,0,0,0,0,8486,0,0,0,1503,818,0,0,0,0,0,0,0,0,35602
201811,2018,11,0,0,0,82,0,0,0,0,69,0,176,0,0,0,0,262,0,0,0,0,0,168,0,135,193,87,0,0,0,0,0,0,0,0,0,0,0,0,618,126,89,158,120,137,0,0,0,0,0,0,1252,0,0,0,0,0,0,0,167,1604,0,0,0,0,1632,100,0,0,302,174,0,0,0,0,0,0,0,0,7651
201812,2018,12,35,0,0,0,0,0,0,0,0,0,110,0,0,0,0,121,0,0,0,0,0,43,0,0,81,34,0,0,31,0,0,0,0,0,0,0,0,0,191,34,30,73,54,69,0,0,0,0,0,0,471,0,0,0,0,0,0,0,67,362,0,0,0,0,500,30,0,0,116,67,0,0,0,0,0,34,0,0,2553
201901,2019,1,0,0,0,25,0,0,0,0,26,0,93,0,0,0,0,82,0,0,0,0,0,0,0,0,54,22,17,0,13,0,0,0,0,0,0,0,0,0,187,20,15,37,47,45,0,0,0,0,0,0,239,0,0,0,0,0,0,0,27,186,0,0,0,0,333,19,0,0,106,58,0,0,0,0,0,0,0,0,1651
201902,2019,2,0,0,0,15,0,0,0,0,20,0,38,0,0,0,0,94,0,0,0,0,0,0,0,0,103,22,0,0,38,0,0,0,0,0,0,0,0,0,209,45,0,45,49,38,0,0,0,0,0,0,262,0,0,0,14,0,0,16,23,181,0,0,0,0,682,22,0,0,75,128,0,0,0,0,0,0,0,0,2119
201903,2019,3,0,0,0,76,0,0,0,0,0,0,218,0,0,0,0,372,0,0,0,0,0,0,0,0,187,64,0,0,68,0,0,0,0,0,0,0,0,0,979,230,157,118,76,158,0,0,0,0,0,0,951,0,0,0,60,0,0,0,100,342,0,0,0,0,2243,95,0,0,581,325,0,0,0,0,74,0,0,0,7474
201904,2019,4,0,0,0,368,0,0,0,0,0,0,863,0,0,0,0,1390,0,0,0,0,0,234,0,0,742,0,0,0,539,0,0,0,0,0,0,0,0,0,2913,811,493,521,0,556,0,262,0,448,0,0,4751,0,0,0,249,0,0,0,419,1678,0,0,0,0,10638,0,0,0,1786,1721,0,0,0,0,340,0,0,0,31722
201905,2019,5,0,0,0,587,0,0,0,0,0,0,1094,0,0,0,0,1702,0,0,0,0,0,655,0,668,1511,466,0,0,518,0,0,0,0,0,0,0,0,0,5416,1429,0,1167,561,908,0,0,0,0,0,0,7865,0,0,0,0,0,0,0,714,5405,0,398,0,0,11665,507,0,0,2194,1243,0,0,0,0,0,0,0,0,46673
201906,2019,6,0,0,0,609,0,0,0,0,0,0,964,0,0,0,0,1839,0,0,0,0,0,942,0,472,1719,443,0,0,546,0,0,0,0,0,0,0,0,0,4031,1797,483,1450,554,900,0,0,0,0,0,0,8636,0,0,0,0,0,0,0,875,6106,0,0,0,0,12915,418,0,0,2272,1087,0,0,0,0,0,0,0,0,49058
201907,2019,7,0,0,0,1125,0,0,0,0,0,0,1368,0,0,0,0,2454,0,0,0,0,0,895,0,0,1284,0,0,0,718,0,0,0,0,0,462,0,0,0,2695,1460,1131,1426,0,1112,0,0,0,452,0,0,10731,0,0,0,0,0,0,0,561,3930,0,0,0,0,14356,0,0,540,4442,1709,0,0,0,0,0,0,468,0,53319
201908,2019,8,0,0,0,643,0,0,0,0,0,0,1559,0,0,0,0,3554,0,0,0,0,0,1033,0,0,2063,0,0,0,987,0,0,0,0,0,0,0,0,0,3113,1900,690,2023,0,1294,0,0,0,507,0,0,10595,0,0,0,0,0,0,0,899,3629,0,0,0,0,18647,0,0,864,6037,1821,0,0,0,0,500,456,0,0,62814
201909,2019,9,0,0,0,581,0,456,0,0,363,0,1222,0,0,0,0,1949,0,0,0,0,0,760,0,512,1472,0,0,0,422,0,0,0,0,0,0,0,0,0,4078,2115,0,1471,341,969,0,0,0,0,0,0,6794,0,0,0,0,0,0,0,582,3631,0,0,0,0,13430,0,0,0,2813,1146,0,0,0,0,546,0,0,0,45653
201910,2019,10,0,0,0,369,0,0,0,0,0,0,628,0,0,0,0,1218,0,0,265,0,0,787,0,439,1070,367,0,0,0,0,0,0,0,0,0,0,0,0,3477,1355,346,986,379,562,0,0,0,0,0,0,5114,0,0,0,0,0,0,0,524,5989,0,0,0,0,9018,267,0,0,2034,924,0,0,0,0,0,0,0,0,36118
201911,2019,11,0,0,0,0,0,0,0,0,0,0,247,0,0,0,0,316,0,0,84,0,0,177,0,137,227,76,0,0,72,0,0,0,0,0,0,0,0,0,652,199,77,223,97,171,0,0,0,0,0,0,1334,0,0,0,0,0,0,0,140,1737,0,0,0,0,1597,99,0,0,370,242,0,0,0,0,0,0,0,0,8274
201912,2019,12,0,0,0,44,0,0,0,0,27,0,73,0,0,0,0,129,0,0,0,0,0,40,0,27,73,26,0,0,0,0,0,0,0,0,0,0,0,0,174,60,0,64,55,91,0,0,0,0,0,0,515,0,0,0,0,0,0,0,56,383,0,0,0,0,603,46,0,0,104,86,0,0,0,0,34,0,0,0,2710
202001,2020,1,0,0,0,28,0,0,0,0,22,0,42,0,0,0,0,136,0,0,0,0,0,22,0,0,128,22,0,0,0,0,0,0,0,0,0,0,0,0,210,54,0,29,40,57,23,0,0,0,0,0,285,29,0,0,0,0,0,0,30,248,0,0,0,0,428,0,0,0,90,62,0,0,0,0,16,0,0,0,2001
202002,2020,2,0,0,0,24,0,0,0,0,0,0,146,0,0,0,0,178,0,0,0,0,0,0,0,0,102,46,0,0,0,0,0,0,23,0,0,0,0,0,313,99,23,62,44,38,0,26,0,33,0,0,416,0,0,0,0,0,0,0,43,330,0,0,0,0,812,34,0,0,153,131,0,0,0,0,0,0,0,0,3076
202003,2020,3,0,0,0,0,0,21,0,0,21,0,34,0,0,0,0,102,0,0,0,0,0,0,0,0,49,24,0,0,31,0,0,0,0,0,0,0,0,0,280,40,34,31,17,38,0,0,0,0,0,0,220,0,0,0,0,0,0,0,31,133,0,0,0,0,654,15,0,34,78,61,0,0,0,0,0,0,0,0,1948
202006,2020,6,0,0,0,0,0,1,0,0,0,0,0,0,0,0,0,4,0,0,0,1,0,0,0,0,0,0,0,0,1,0,0,0,0,0,0,0,0,0,0,0,0,0,0,0,0,0,0,0,0,0,0,0,0,0,0,0,0,0,0,0,0,0,0,0,5,0,0,0,0,0,0,0,0,0,0,0,0,0,12
202007,2020,7,0,104,0,112,0,0,0,0,75,0,286,0,0,0,0,691,0,0,0,0,0,84,0,0,288,0,0,0,168,0,0,0,0,0,0,0,0,0,386,155,127,406,0,313,0,0,0,0,0,0,1638,0,0,0,0,0,0,0,212,244,0,0,0,0,3196,0,0,0,923,167,0,0,0,0,99,78,0,0,9752
202008,2020,8,0,178,0,256,0,222,0,0,0,0,520,0,0,0,0,945,0,0,0,0,0,368,0,0,585,0,0,0,351,0,0,0,0,0,0,0,0,0,830,315,0,790,0,532,0,0,0,0,0,0,4468,0,0,0,0,0,0,192,347,832,0,0,0,0,5701,0,0,0,1690,374,0,0,0,0,159,157,0,0,19812
202009,2020,9,0,0,0,123,0,91,0,0,82,0,284,0,0,0,0,525,0,0,0,0,0,206,0,115,255,0,0,0,126,0,0,0,0,0,0,0,0,0,640,206,0,511,77,292,0,0,0,0,0,0,2184,0,0,0,0,0,0,0,235,583,0,0,0,0,2713,0,0,0,840,260,0,0,0,0,0,93,0,0,10441
202010,2020,10,0,0,0,82,0,0,0,0,0,0,169,0,0,0,0,259,0,0,85,0,0,125,0,136,128,94,0,0,64,0,0,0,0,0,0,0,0,0,483,117,0,267,63,145,0,0,0,0,0,0,1408,0,0,0,0,0,0,0,173,613,0,0,0,0,1335,68,0,0,375,229,0,0,0,0,0,0,0,0,6418
202011,2020,11,0,0,5,7,0,0,0,0,0,0,7,0,0,0,0,8,0,0,23,0,0,22,0,50,0,16,0,5,0,7,0,0,0,0,0,0,0,0,24,0,0,13,33,0,0,0,0,0,0,0,127,0,0,0,0,0,0,0,31,147,0,0,5,6,25,18,0,0,0,0,0,0,0,0,0,6,0,0,585
202012,2020,12,0,0,1,0,0,0,0,0,0,1,6,0,1,0,0,0,0,0,3,0,12,0,0,0,2,4,0,0,0,0,0,0,0,0,0,0,0,0,21,0,3,0,0,0,2,0,0,0,0,0,8,0,0,0,0,1,1,0,0,1,0,0,0,0,10,5,0,0,8,4,4,0,1,0,0,0,0,0,99
202101,2021,1,0,0,2,1,0,0,0,0,0,0,6,0,0,0,0,5,0,1,0,0,0,1,1,0,0,2,0,0,0,0,0,0,0,0,0,0,0,0,9,1,0,2,0,0,0,0,0,0,0,0,6,0,0,0,0,0,0,0,0,5,1,0,1,0,10,1,0,0,2,1,0,0,0,0,1,1,0,0,60
202102,2021,2,0,0,0,0,0,0,0,0,0,0,1,0,0,0,0,0,0,0,1,0,0,0,0,1,0,3,0,0,0,0,0,0,0,0,0,0,0,0,0,0,0,2,0,0,0,0,0,0,0,1,0,0,0,0,0,0,0,0,0,1,0,0,0,0,4,0,0,0,0,0,0,0,0,0,0,0,0,0,14
202103,2021,3,4,2,0,0,0,0,0,0,0,0,31,0,0,0,0,25,0,0,2,0,0,0,0,0,2,2,0,0,5,2,0,0,2,1,0,0,0,1,0,0,3,5,0,4,1,0,0,0,0,0,12,0,0,0,0,0,0,0,0,0,0,0,0,0,70,2,0,0,12,0,0,0,0,0,6,0,0,0,194
202104,2021,4,11,0,0,0,0,0,0,0,7,0,138,0,0,0,0,67,13,16,0,0,0,0,0,0,14,0,0,0,30,0,0,0,0,0,0,0,0,0,17,0,51,12,10,12,0,0,0,0,0,0,125,0,0,0,0,0,0,0,0,7,0,7,0,0,287,0,0,7,155,10,0,0,0,0,28,0,0,0,1024
202105,2021,5,0,39,0,40,0,0,0,0,0,0,226,0,0,0,0,334,0,0,0,0,0,47,0,0,100,0,0,0,95,47,0,0,0,0,0,0,0,0,194,39,52,136,0,79,0,48,0,0,0,0,926,0,0,0,0,0,0,0,81,67,0,0,0,0,1289,0,0,0,272,142,0,42,0,0,0,0,0,0,4295
202106,2021,6,0,0,0,171,0,0,229,0,0,0,412,108,0,0,0,707,0,0,0,0,0,172,0,0,382,0,0,0,182,135,0,0,0,0,0,0,0,0,811,168,131,463,124,243,0,0,0,0,0,0,3294,0,0,0,0,0,0,0,315,359,0,0,0,0,4708,0,0,0,1140,570,0,0,0,0,0,0,0,0,14824
202107,2021,7,0,392,0,389,0,0,0,0,0,0,936,0,0,0,0,2101,0,0,0,0,0,395,0,0,717,0,0,0,722,0,0,0,0,0,0,0,0,0,1126,336,310,1024,0,922,0,0,0,0,0,0,7161,0,0,0,0,0,0,305,513,935,0,0,0,0,11243,0,0,0,3151,621,0,0,0,0,346,318,0,0,33963
202108,2021,8,0,0,0,383,0,397,0,0,0,0,1027,435,0,0,0,2959,0,0,0,0,0,474,0,0,968,0,0,0,795,0,0,0,0,0,0,0,0,0,1318,474,365,1365,0,892,0,0,0,0,0,0,8226,0,0,0,0,0,0,385,680,1343,0,0,0,0,15201,0,0,0,4463,1030,0,0,0,0,395,0,0,0,43575
202109,2021,9,0,0,0,447,0,0,312,0,0,0,1057,0,0,0,0,1995,0,0,0,0,0,447,0,378,900,0,0,0,444,316,0,0,0,0,0,0,0,0,2282,617,0,1367,0,676,0,0,0,0,0,0,7402,0,0,341,0,0,0,0,599,1664,0,0,0,0,11878,0,0,0,2989,1022,0,0,0,0,330,0,0,0,37463
202110,2021,10,0,0,0,308,0,0,0,0,0,0,690,0,0,0,0,1568,0,0,0,0,0,481,0,354,677,0,0,0,307,0,0,0,0,0,0,0,0,0,2193,615,309,1115,310,651,0,0,0,0,0,0,6451,0,0,0,0,0,0,0,625,2705,0,0,0,0,8047,266,0,0,2155,1081,0,0,0,0,262,0,0,0,31170
202111,2021,11,0,84,0,0,0,0,0,0,0,0,301,0,0,0,0,629,0,0,109,0,0,139,0,129,178,0,0,0,127,0,0,0,0,0,0,0,0,0,617,206,120,241,110,153,0,0,0,0,0,0,1904,0,0,0,0,0,0,0,174,877,0,0,0,0,2055,87,0,0,544,310,0,0,0,0,0,0,0,0,9094
202112,2021,12,0,11,0,11,0,0,0,0,0,0,56,0,0,0,0,64,0,0,14,0,0,0,0,28,14,16,0,0,20,0,0,0,0,0,0,0,0,0,49,0,27,22,21,15,0,0,0,0,0,0,193,0,0,0,0,0,0,0,20,81,0,0,0,0,371,0,0,0,108,33,0,0,0,0,19,0,0,0,1193
202201,2022,1,0,16,0,0,0,0,0,0,0,0,82,0,0,0,0,114,0,0,0,0,0,0,0,0,57,16,0,0,0,0,0,0,0,0,0,18,0,0,107,21,18,37,21,37,32,0,0,0,0,0,249,0,0,24,0,0,0,0,13,82,0,0,0,0,474,0,0,0,113,56,0,0,0,0,30,0,0,0,1617
202202,2022,2,0,0,0,0,0,0,0,0,0,0,54,0,0,0,0,106,0,113,0,0,0,0,0,0,46,32,0,0,27,0,0,0,0,0,0,0,0,0,159,24,21,38,32,36,28,0,0,0,0,0,355,0,0,0,19,0,0,0,45,89,0,0,0,0,473,31,0,0,175,131,0,0,0,0,0,0,0,0,2034
202203,2022,3,0,0,0,0,0,0,0,0,51,0,209,0,0,0,0,368,0,0,0,0,0,0,0,0,137,89,0,0,80,0,0,0,0,0,0,0,0,0,881,175,0,166,52,123,0,59,0,0,0,0,1060,0,0,68,0,0,0,0,59,179,0,0,0,0,2741,66,0,0,458,272,0,0,0,0,96,0,0,0,7389
202204,2022,4,0,0,0,0,0,0,0,0,0,0,725,0,0,0,0,1682,0,0,0,0,0,255,0,0,453,0,0,0,484,446,0,0,0,0,0,0,0,0,2774,600,563,535,0,409,0,265,0,485,0,0,6085,0,0,0,0,239,0,0,425,1094,0,0,0,0,12278,0,0,0,2665,1380,0,0,0,0,441,0,0,0,34283
202205,2022,5,0,0,0,495,0,516,0,0,0,0,795,0,0,0,0,2288,0,0,0,0,0,640,0,475,1158,0,0,0,791,0,0,0,0,0,0,0,0,0,5047,1209,0,1301,467,711,0,0,0,0,0,0,9254,0,0,0,0,0,0,0,735,4304,0,0,0,0,12982,468,0,0,2896,1166,0,0,0,0,556,0,0,0,48254
202206,2022,6,0,0,0,442,0,550,0,0,0,0,1069,0,0,0,0,2291,0,0,0,0,0,988,0,604,1241,426,0,0,605,0,0,0,0,0,0,0,0,0,4577,1314,419,1617,0,762,0,0,0,0,0,0,12139,0,0,0,0,0,0,0,855,5098,0,0,0,0,16948,0,0,0,3571,1656,0,0,0,0,840,0,0,0,58012
202207,2022,7,0,0,0,856,0,763,0,0,0,0,1312,0,0,0,0,3585,0,0,0,0,0,945,0,0,1105,0,0,0,1091,0,0,0,0,0,0,0,0,0,3103,1109,969,1654,0,1061,0,0,0,798,0,0,14625,0,0,0,0,0,0,0,673,3391,0,0,0,0,20541,0,0,757,6317,1455,0,0,0,0,1264,0,0,0,67374
202208,2022,8,0,0,0,609,0,996,0,0,0,0,1548,0,0,0,0,6389,0,0,0,0,0,856,0,0,1363,0,0,0,2245,0,0,0,0,0,0,0,0,0,3849,1298,1697,2280,0,1081,0,0,0,1386,0,0,16171,0,0,0,0,0,0,0,816,2783,0,0,0,0,27123,0,0,0,8438,1823,0,0,0,0,2212,0,879,0,85842
202209,2022,9,0,0,0,538,0,890,0,0,466,0,1172,0,0,0,0,3392,0,0,0,0,0,675,0,540,1478,0,0,0,840,0,0,0,0,0,0,0,0,0,5736,1640,587,1841,0,993,0,0,0,0,0,0,12306,0,0,0,0,0,0,0,707,3364,0,0,0,0,20628,0,0,0,5255,1854,0,0,0,0,1294,0,0,0,66196
202210,2022,10,0,0,0,0,0,576,0,0,0,0,742,0,0,0,0,1912,0,0,0,0,0,833,0,529,985,469,0,0,502,0,0,0,0,0,0,0,0,0,4612,1412,377,1319,441,671,0,0,0,0,0,0,9401,0,0,0,0,0,0,0,945,5682,0,0,0,0,14497,0,0,0,2906,1725,0,0,0,0,820,0,0,0,51356
202211,2022,11,0,0,0,0,0,0,0,0,0,0,316,0,0,0,0,487,0,0,0,0,0,203,0,174,216,0,0,0,0,169,0,0,0,0,0,0,0,0,759,247,376,281,143,178,189,0,150,0,0,0,2350,0,0,0,0,0,0,0,172,1606,0,0,0,0,2333,0,0,0,503,291,0,0,0,0,140,0,0,0,11283
202212,2022,12,0,67,0,0,0,0,0,0,0,0,217,0,0,65,0,328,0,0,0,0,0,0,0,52,67,69,0,0,51,0,0,0,0,0,0,0,0,0,238,73,70,82,0,61,0,0,0,0,0,0,980,0,0,0,0,0,0,147,94,351,0,0,0,0,1029,0,0,0,422,141,0,0,0,0,79,0,0,0,4683
202301,2023,1,0,0,0,0,0,0,0,0,0,0,92,0,0,0,0,112,0,0,0,0,0,0,0,0,68,19,0,0,17,0,0,0,0,0,0,0,0,0,224,85,0,33,24,24,21,19,0,47,0,0,313,0,0,0,0,0,0,0,18,127,0,0,0,0,543,0,0,0,114,65,0,0,0,0,44,0,0,19,2028
202302,2023,2,0,0,0,0,31,0,0,0,0,0,90,0,0,0,0,132,0,0,0,0,0,0,0,0,61,33,0,0,32,0,0,0,0,0,0,0,0,0,281,121,46,33,42,28,0,0,0,63,0,0,446,0,0,0,0,0,0,0,26,137,0,0,0,0,847,24,0,0,185,162,0,0,0,0,36,0,0,0,2856
202304,2023,4,0,0,0,0,0,246,0,0,0,0,348,180,0,0,0,1302,0,0,0,0,0,0,0,0,292,143,0,0,447,0,0,0,0,0,0,0,0,0,1697,569,258,365,0,264,0,0,0,0,146,0,3876,0,0,0,0,0,0,0,239,587,0,0,0,0,8958,0,0,172,2140,1253,0,0,0,0,694,0,0,0,24176
